/*
Navicat MySQL Data Transfer

Source Server         : localhost
Source Server Version : 50621
Source Host           : localhost:3306
Source Database       : hassdemo

Target Server Type    : MYSQL
Target Server Version : 50621
File Encoding         : 65001

Date: 2015-11-20 07:48:36
*/

SET FOREIGN_KEY_CHECKS=0;

-- ----------------------------
-- Table structure for album
-- ----------------------------
DROP TABLE IF EXISTS `album`;
CREATE TABLE `album` (
  `id` int(11) NOT NULL AUTO_INCREMENT,
  `author_id` int(11) NOT NULL,
  `title` varchar(128) NOT NULL,
  `short` varchar(1024) DEFAULT NULL,
  `slug` varchar(128) DEFAULT NULL,
  `views` int(11) DEFAULT '0',
  `status` tinyint(1) DEFAULT '1',
  `published_at` int(11) DEFAULT NULL,
  `created_at` int(11) NOT NULL,
  `updated_at` int(11) NOT NULL,
  `revision` int(11) NOT NULL DEFAULT '1',
  PRIMARY KEY (`id`),
  UNIQUE KEY `slug` (`slug`)
) ENGINE=MyISAM AUTO_INCREMENT=6 DEFAULT CHARSET=utf8 ROW_FORMAT=DYNAMIC;

-- ----------------------------
-- Records of album
-- ----------------------------
INSERT INTO `album` VALUES ('3', '1', 'sdfsdf', 'sdfsdf', 'sdfsdf', '0', '1', '1444461257', '1444461269', '1444461269', '1');
INSERT INTO `album` VALUES ('4', '1', '截图', '', 'screenshot', '0', '1', '1444496066', '1444496100', '1446976694', '5');
INSERT INTO `album` VALUES ('5', '1', '方的观点发的', '', 'fang-de-guan-dian-fa-de', '0', '1', '1446976724', '1446976724', '1446976724', '1');

-- ----------------------------
-- Table structure for album_photo
-- ----------------------------
DROP TABLE IF EXISTS `album_photo`;
CREATE TABLE `album_photo` (
  `photo_id` int(11) NOT NULL AUTO_INCREMENT,
  `album_id` int(11) NOT NULL,
  `group` varchar(50) NOT NULL,
  `description` text NOT NULL,
  PRIMARY KEY (`photo_id`)
) ENGINE=InnoDB AUTO_INCREMENT=11 DEFAULT CHARSET=utf8;

-- ----------------------------
-- Records of album_photo
-- ----------------------------
INSERT INTO `album_photo` VALUES ('1', '4', '111', 'dddd');
INSERT INTO `album_photo` VALUES ('2', '4', '2222', '3333');
INSERT INTO `album_photo` VALUES ('3', '4', '444', '45555555');
INSERT INTO `album_photo` VALUES ('4', '4', '', '');
INSERT INTO `album_photo` VALUES ('5', '4', '', '');
INSERT INTO `album_photo` VALUES ('6', '5', '', '');
INSERT INTO `album_photo` VALUES ('7', '5', '', '');
INSERT INTO `album_photo` VALUES ('8', '5', '', '');
INSERT INTO `album_photo` VALUES ('9', '5', '', '');
INSERT INTO `album_photo` VALUES ('10', '5', '', '');

-- ----------------------------
-- Table structure for area
-- ----------------------------
DROP TABLE IF EXISTS `area`;
CREATE TABLE `area` (
  `area_id` int(11) NOT NULL AUTO_INCREMENT,
  `title` varchar(255) COLLATE utf8_unicode_ci NOT NULL,
  `slug` varchar(255) COLLATE utf8_unicode_ci NOT NULL,
  `description` varchar(255) COLLATE utf8_unicode_ci NOT NULL,
  `blocks` varchar(255) COLLATE utf8_unicode_ci NOT NULL,
  PRIMARY KEY (`area_id`)
) ENGINE=InnoDB AUTO_INCREMENT=4 DEFAULT CHARSET=utf8 COLLATE=utf8_unicode_ci ROW_FORMAT=COMPACT;

-- ----------------------------
-- Records of area
-- ----------------------------
INSERT INTO `area` VALUES ('1', '首页头部', 'index-header', 'default', '');
INSERT INTO `area` VALUES ('3', '侧边栏', 'slider', '侧边栏试试', 'a:2:{i:0;s:1:\"7\";i:1;s:1:\"9\";}');

-- ----------------------------
-- Table structure for area_block
-- ----------------------------
DROP TABLE IF EXISTS `area_block`;
CREATE TABLE `area_block` (
  `block_id` int(11) NOT NULL AUTO_INCREMENT,
  `title` varchar(255) COLLATE utf8_unicode_ci NOT NULL,
  `type` varchar(50) COLLATE utf8_unicode_ci DEFAULT NULL,
  `widget` text COLLATE utf8_unicode_ci COMMENT '前台使用.不用type获取hooks',
  `slug` varchar(255) COLLATE utf8_unicode_ci NOT NULL,
  `config` text COLLATE utf8_unicode_ci,
  `template` text COLLATE utf8_unicode_ci,
  `cache` int(11) NOT NULL,
  `used` smallint(6) NOT NULL,
  PRIMARY KEY (`block_id`)
) ENGINE=InnoDB AUTO_INCREMENT=13 DEFAULT CHARSET=utf8 COLLATE=utf8_unicode_ci ROW_FORMAT=COMPACT;

-- ----------------------------
-- Records of area_block
-- ----------------------------
INSERT INTO `area_block` VALUES ('7', '公告', 'text', 'hass\\area\\widgets\\TextWidget', 'gong-gao', '', '<p>这里是公告</p>', '0', '1');
INSERT INTO `area_block` VALUES ('8', 'dfsfsdf', 'text', 'hass\\area\\widgets\\TextWidget', 'dfsfsdf', '', '<p>sdfsdfsdfdsf</p>', '111', '0');
INSERT INTO `area_block` VALUES ('9', '区域测试', 'text', 'hass\\area\\widgets\\TextWidget', 'qu-yu-ce-shi', null, '<p>这里是侧边栏的区域中的一个区块</p>', '0', '1');
INSERT INTO `area_block` VALUES ('10', 'dfsfsssssssssssss', 'text', 'hass\\area\\widgets\\TextWidget', 'dfsfsssssssssssss', null, '<p>xfsdfsdf范德萨发士大夫士大夫</p>', '0', '0');
INSERT INTO `area_block` VALUES ('11', '测试下', 'text', 'hass\\area\\widgets\\TextWidget', 'ce-shi-xia', null, '大大大大大大大大大大', '0', '0');
INSERT INTO `area_block` VALUES ('12', ' 是打发士大夫', 'text', 'hass\\area\\widgets\\TextWidget', 'shi-da-fa-shi-da-fu', null, '<p>实得分是的发生发生地方是是打发士大夫撒的发生的发生的</p>', '0', '0');

-- ----------------------------
-- Table structure for attachment
-- ----------------------------
DROP TABLE IF EXISTS `attachment`;
CREATE TABLE `attachment` (
  `attachment_id` int(11) NOT NULL AUTO_INCREMENT,
  `author_id` int(11) DEFAULT NULL,
  `name` varchar(255) DEFAULT NULL,
  `title` varchar(255) DEFAULT NULL,
  `description` varchar(255) DEFAULT NULL,
  `hash` varchar(255) NOT NULL,
  `size` int(11) NOT NULL,
  `type` varchar(255) NOT NULL,
  `extension` varchar(255) NOT NULL,
  `created_at` int(11) NOT NULL,
  `updated_at` int(11) NOT NULL,
  PRIMARY KEY (`attachment_id`)
) ENGINE=InnoDB AUTO_INCREMENT=130 DEFAULT CHARSET=utf8;

-- ----------------------------
-- Records of attachment
-- ----------------------------
INSERT INTO `attachment` VALUES ('55', '1', '421023167_1920_1080', null, null, '563d77d70378e202154665', '44557', 'image/jpeg', 'jpg', '1446868951', '1446868951');
INSERT INTO `attachment` VALUES ('56', '1', '181020459_1920_1080', null, null, '563d77d712daa523715311', '45943', 'image/jpeg', 'jpg', '1446868951', '1446868951');
INSERT INTO `attachment` VALUES ('58', '1', '127987', null, null, '563d77d73f88c719814686', '47671', 'image/jpeg', 'jpg', '1446868951', '1446868951');
INSERT INTO `attachment` VALUES ('61', '1', '563d8b7828edc773302839', null, null, '563d8b7bc922e596704273', '61757', 'image/jpeg', 'jpg', '1446873979', '1446873979');
INSERT INTO `attachment` VALUES ('62', '1', '563d8c8622336057988267', null, null, '563d8c8bd4fde833570469', '61755', 'image/jpeg', 'jpg', '1446874251', '1446874251');
INSERT INTO `attachment` VALUES ('63', '1', '563d8c9aef536497204060', null, null, '563d8c9f7d219053794554', '60481', 'image/jpeg', 'jpg', '1446874271', '1446874271');
INSERT INTO `attachment` VALUES ('74', '1', '161035274_1920_1080', null, null, '563d9789525b7940146735', '61625', 'image/jpeg', 'jpg', '1446877065', '1446877065');
INSERT INTO `attachment` VALUES ('75', '1', '81035326_1920_1080', null, null, '563d97897d541193118327', '60481', 'image/jpeg', 'jpg', '1446877065', '1446877065');
INSERT INTO `attachment` VALUES ('76', '1', '127834', null, null, '563d97b2dd5d8816814755', '68489', 'image/jpeg', 'jpg', '1446877106', '1446877106');
INSERT INTO `attachment` VALUES ('77', '1', '121034804_1920_1080', null, null, '563d97b31d3ad178806289', '63711', 'image/jpeg', 'jpg', '1446877107', '1446877107');
INSERT INTO `attachment` VALUES ('82', '1', '127567', null, null, '563f1c5917814125375395', '50760', 'image/jpeg', 'jpg', '1446976601', '1446976601');
INSERT INTO `attachment` VALUES ('84', '1', '321038921_1920_1080', null, null, '563f1cb701ddf963611914', '66301', 'image/jpeg', 'jpg', '1446976695', '1446976695');
INSERT INTO `attachment` VALUES ('85', '1', '127909', null, null, '563f1cb73affd588718500', '67653', 'image/jpeg', 'jpg', '1446976695', '1446976695');
INSERT INTO `attachment` VALUES ('86', '1', '61054293_1920_1080', null, null, '563f1cd4abf5a334190222', '67444', 'image/jpeg', 'jpg', '1446976724', '1446976724');
INSERT INTO `attachment` VALUES ('87', '1', '301030782_1920_1080', null, null, '563f1cd503fec208717127', '66683', 'image/jpeg', 'jpg', '1446976725', '1446976725');
INSERT INTO `attachment` VALUES ('88', '1', '01037709_1920_1080', null, null, '563f1cd524b63493109698', '61755', 'image/jpeg', 'jpg', '1446976725', '1446976725');
INSERT INTO `attachment` VALUES ('89', '1', '127567', null, null, '563f1cd55125e662641875', '50760', 'image/jpeg', 'jpg', '1446976725', '1446976725');
INSERT INTO `attachment` VALUES ('90', '1', '152152', null, null, '563f1cd58a863729208861', '34208', 'image/jpeg', 'jpg', '1446976725', '1446976725');
INSERT INTO `attachment` VALUES ('91', '1', '181020459_1920_1080', null, null, '563f1cd5aac0b206921953', '45943', 'image/jpeg', 'jpg', '1446976725', '1446976725');
INSERT INTO `attachment` VALUES ('93', '1', '127909', null, null, '563f22fb51e32466230621', '67653', 'image/jpeg', 'jpg', '1446978299', '1446978299');
INSERT INTO `attachment` VALUES ('94', '1', '127909', null, null, '563f3935575e4521979903', '67653', 'image/jpeg', 'jpg', '1446983989', '1446983989');
INSERT INTO `attachment` VALUES ('95', '1', '171038575_1920_1080', null, null, '563f3942c52ce726368494', '47514', 'image/jpeg', 'jpg', '1446984002', '1446984002');
INSERT INTO `attachment` VALUES ('96', '1', '127987', null, null, '563f3a2c90499452978444', '47671', 'image/jpeg', 'jpg', '1446984236', '1446984236');
INSERT INTO `attachment` VALUES ('97', '1', '181074694_1920_1080', null, null, '563f3a46610a5193590457', '64958', 'image/jpeg', 'jpg', '1446984262', '1446984262');
INSERT INTO `attachment` VALUES ('98', '1', '563f45a92045f087312517', null, null, '563f45aee1f52972289458', '16673', 'image/jpeg', 'jpg', '1446987182', '1446987182');
INSERT INTO `attachment` VALUES ('100', '1', '152152', null, null, '563ff8529ebf7199870304', '34208', 'image/jpeg', 'jpg', '1447032914', '1447032914');
INSERT INTO `attachment` VALUES ('101', '1', '01037709_1920_1080', null, null, '563ff8622daf0116146513', '61755', 'image/jpeg', 'jpg', '1447032930', '1447032930');
INSERT INTO `attachment` VALUES ('102', '1', '5626dbfd03404[1]', null, null, '5640f5c485dd3644149095', '23572', 'image/jpeg', 'jpg', '1447097796', '1447097796');
INSERT INTO `attachment` VALUES ('103', '1', '5640b2fce2ff0[1]', null, null, '5640f5e50a0cd373293768', '353671', 'image/jpeg', 'jpg', '1447097829', '1447097829');
INSERT INTO `attachment` VALUES ('104', '1', '563c15a694702[1]', null, null, '5640f62e08624467966967', '307921', 'image/png', 'png', '1447097902', '1447097902');
INSERT INTO `attachment` VALUES ('105', '1', '5640949660886[1]', null, null, '5640f65b18e1e115138758', '246579', 'image/jpeg', 'jpg', '1447097947', '1447097947');
INSERT INTO `attachment` VALUES ('106', '1', '55c9bc95e9edb[1]', null, null, '5640f6fb74f73509695511', '44089', 'image/png', 'png', '1447098107', '1447098107');
INSERT INTO `attachment` VALUES ('107', '1', '564079254105b[1]', null, null, '5640f72a12404289475047', '197804', 'image/jpeg', 'jpg', '1447098154', '1447098154');
INSERT INTO `attachment` VALUES ('108', '1', '56407946b555f[1]', null, null, '5640f75e703e8877281435', '54404', 'image/jpeg', 'jpg', '1447098206', '1447098206');
INSERT INTO `attachment` VALUES ('109', '1', '564069b98e44c[1]', null, null, '5640f788e4cde355118334', '233211', 'image/jpeg', 'jpg', '1447098248', '1447098248');
INSERT INTO `attachment` VALUES ('112', '1', '563ffd19e21d1[1]', null, null, '56410e3a11715052489104', '160414', 'image/png', 'png', '1447104058', '1447104058');
INSERT INTO `attachment` VALUES ('113', '1', '56400ebf6568d[1]', null, null, '56410e6373ad6027294766', '143344', 'image/jpeg', 'jpg', '1447104099', '1447104099');
INSERT INTO `attachment` VALUES ('120', '1', '563b19ba6ac4b[1]', null, null, '56415c4c44ec5161411023', '128754', 'image/jpeg', 'jpg', '1447124044', '1447124044');
INSERT INTO `attachment` VALUES ('128', '1', '564ae3266310f448932286', null, null, '564ae329700c6190171851', '1800', 'image/png', 'png', '1447748393', '1447748393');
INSERT INTO `attachment` VALUES ('129', '1', '151585', null, null, '564b10981e902881746806', '163610', 'image/jpeg', 'jpg', '1447760024', '1447760024');

-- ----------------------------
-- Table structure for attachment_index
-- ----------------------------
DROP TABLE IF EXISTS `attachment_index`;
CREATE TABLE `attachment_index` (
  `attachment_id` int(11) DEFAULT NULL,
  `entity_id` int(11) unsigned DEFAULT NULL,
  `entity` varchar(50) DEFAULT NULL,
  `attribute` varchar(50) DEFAULT NULL,
  KEY `item_id_model_attribute` (`entity_id`,`entity`,`attribute`)
) ENGINE=InnoDB DEFAULT CHARSET=utf8;

-- ----------------------------
-- Records of attachment_index
-- ----------------------------
INSERT INTO `attachment_index` VALUES ('74', '1', 'hass\\album\\models\\Photo', 'photo');
INSERT INTO `attachment_index` VALUES ('75', '2', 'hass\\album\\models\\Photo', 'photo');
INSERT INTO `attachment_index` VALUES ('76', '4', 'hass\\album\\models\\Album', 'thumbnail');
INSERT INTO `attachment_index` VALUES ('77', '3', 'hass\\album\\models\\Photo', 'photo');
INSERT INTO `attachment_index` VALUES ('82', '58', 'hass\\post\\models\\Post', 'thumbnail');
INSERT INTO `attachment_index` VALUES ('84', '4', 'hass\\album\\models\\Photo', 'photo');
INSERT INTO `attachment_index` VALUES ('85', '5', 'hass\\album\\models\\Photo', 'photo');
INSERT INTO `attachment_index` VALUES ('86', '5', 'hass\\album\\models\\Album', 'thumbnail');
INSERT INTO `attachment_index` VALUES ('87', '6', 'hass\\album\\models\\Photo', 'photo');
INSERT INTO `attachment_index` VALUES ('88', '7', 'hass\\album\\models\\Photo', 'photo');
INSERT INTO `attachment_index` VALUES ('89', '8', 'hass\\album\\models\\Photo', 'photo');
INSERT INTO `attachment_index` VALUES ('90', '9', 'hass\\album\\models\\Photo', 'photo');
INSERT INTO `attachment_index` VALUES ('91', '10', 'hass\\album\\models\\Photo', 'photo');
INSERT INTO `attachment_index` VALUES ('93', '4', 'hass\\revolutionslider\\models\\Revolutionslider', 'thumbnail');
INSERT INTO `attachment_index` VALUES ('94', '57', 'hass\\post\\models\\Post', 'thumbnail');
INSERT INTO `attachment_index` VALUES ('95', '56', 'hass\\post\\models\\Post', 'thumbnail');
INSERT INTO `attachment_index` VALUES ('96', '54', 'hass\\post\\models\\Post', 'thumbnail');
INSERT INTO `attachment_index` VALUES ('97', '53', 'hass\\post\\models\\Post', 'thumbnail');
INSERT INTO `attachment_index` VALUES ('98', '1', 'hass\\user\\models\\User', 'avatarImage');
INSERT INTO `attachment_index` VALUES ('100', '5', 'hass\\revolutionslider\\models\\Revolutionslider', 'thumbnail');
INSERT INTO `attachment_index` VALUES ('101', '6', 'hass\\revolutionslider\\models\\Revolutionslider', 'thumbnail');
INSERT INTO `attachment_index` VALUES ('102', '62', 'hass\\post\\models\\Post', 'thumbnail');
INSERT INTO `attachment_index` VALUES ('103', '63', 'hass\\post\\models\\Post', 'thumbnail');
INSERT INTO `attachment_index` VALUES ('104', '64', 'hass\\post\\models\\Post', 'thumbnail');
INSERT INTO `attachment_index` VALUES ('105', '65', 'hass\\post\\models\\Post', 'thumbnail');
INSERT INTO `attachment_index` VALUES ('106', '66', 'hass\\post\\models\\Post', 'thumbnail');
INSERT INTO `attachment_index` VALUES ('107', '67', 'hass\\post\\models\\Post', 'thumbnail');
INSERT INTO `attachment_index` VALUES ('108', '68', 'hass\\post\\models\\Post', 'thumbnail');
INSERT INTO `attachment_index` VALUES ('109', '69', 'hass\\post\\models\\Post', 'thumbnail');
INSERT INTO `attachment_index` VALUES ('112', '70', 'hass\\post\\models\\Post', 'thumbnail');
INSERT INTO `attachment_index` VALUES ('113', '71', 'hass\\post\\models\\Post', 'thumbnail');
INSERT INTO `attachment_index` VALUES ('120', '72', 'hass\\post\\models\\Post', 'thumbnail');
INSERT INTO `attachment_index` VALUES ('128', '0', 'hass\\config\\models\\BasicConfigForm', 'appLogoImage');
INSERT INTO `attachment_index` VALUES ('129', '73', 'hass\\post\\models\\Post', 'thumbnail');

-- ----------------------------
-- Table structure for auth_assignment
-- ----------------------------
DROP TABLE IF EXISTS `auth_assignment`;
CREATE TABLE `auth_assignment` (
  `item_name` varchar(64) COLLATE utf8_unicode_ci NOT NULL,
  `user_id` varchar(64) COLLATE utf8_unicode_ci NOT NULL,
  `created_at` int(11) DEFAULT NULL,
  PRIMARY KEY (`item_name`,`user_id`),
  CONSTRAINT `auth_assignment_ibfk_1` FOREIGN KEY (`item_name`) REFERENCES `auth_item` (`name`) ON DELETE CASCADE ON UPDATE CASCADE
) ENGINE=InnoDB DEFAULT CHARSET=utf8 COLLATE=utf8_unicode_ci;

-- ----------------------------
-- Records of auth_assignment
-- ----------------------------
INSERT INTO `auth_assignment` VALUES ('admin', '1', '1430564816');
INSERT INTO `auth_assignment` VALUES ('admin', '2', '1430574918');

-- ----------------------------
-- Table structure for auth_item
-- ----------------------------
DROP TABLE IF EXISTS `auth_item`;
CREATE TABLE `auth_item` (
  `name` varchar(64) COLLATE utf8_unicode_ci NOT NULL,
  `type` int(11) NOT NULL,
  `description` text COLLATE utf8_unicode_ci,
  `rule_name` varchar(64) COLLATE utf8_unicode_ci DEFAULT NULL,
  `data` text COLLATE utf8_unicode_ci,
  `created_at` int(11) DEFAULT NULL,
  `updated_at` int(11) DEFAULT NULL,
  PRIMARY KEY (`name`),
  KEY `rule_name` (`rule_name`),
  KEY `idx-auth_item-type` (`type`),
  CONSTRAINT `auth_item_ibfk_1` FOREIGN KEY (`rule_name`) REFERENCES `auth_rule` (`name`) ON DELETE SET NULL ON UPDATE CASCADE
) ENGINE=InnoDB DEFAULT CHARSET=utf8 COLLATE=utf8_unicode_ci;

-- ----------------------------
-- Records of auth_item
-- ----------------------------
INSERT INTO `auth_item` VALUES ('admin', '1', '管理员', null, null, '1430498197', '1430555819');

-- ----------------------------
-- Table structure for auth_item_child
-- ----------------------------
DROP TABLE IF EXISTS `auth_item_child`;
CREATE TABLE `auth_item_child` (
  `parent` varchar(64) COLLATE utf8_unicode_ci NOT NULL,
  `child` varchar(64) COLLATE utf8_unicode_ci NOT NULL,
  PRIMARY KEY (`parent`,`child`),
  KEY `child` (`child`),
  CONSTRAINT `auth_item_child_ibfk_1` FOREIGN KEY (`parent`) REFERENCES `auth_item` (`name`) ON DELETE CASCADE ON UPDATE CASCADE,
  CONSTRAINT `auth_item_child_ibfk_2` FOREIGN KEY (`child`) REFERENCES `auth_item` (`name`) ON DELETE CASCADE ON UPDATE CASCADE
) ENGINE=InnoDB DEFAULT CHARSET=utf8 COLLATE=utf8_unicode_ci;

-- ----------------------------
-- Records of auth_item_child
-- ----------------------------

-- ----------------------------
-- Table structure for auth_menu
-- ----------------------------
DROP TABLE IF EXISTS `auth_menu`;
CREATE TABLE `auth_menu` (
  `id` int(11) NOT NULL AUTO_INCREMENT,
  `name` varchar(128) NOT NULL,
  `parent` int(11) DEFAULT NULL,
  `route` varchar(256) DEFAULT NULL,
  `order` int(11) DEFAULT NULL,
  `data` text,
  PRIMARY KEY (`id`),
  KEY `parent` (`parent`),
  CONSTRAINT `auth_menu_ibfk_1` FOREIGN KEY (`parent`) REFERENCES `auth_menu` (`id`) ON DELETE SET NULL ON UPDATE CASCADE
) ENGINE=InnoDB DEFAULT CHARSET=utf8;

-- ----------------------------
-- Records of auth_menu
-- ----------------------------

-- ----------------------------
-- Table structure for auth_rule
-- ----------------------------
DROP TABLE IF EXISTS `auth_rule`;
CREATE TABLE `auth_rule` (
  `name` varchar(64) COLLATE utf8_unicode_ci NOT NULL,
  `data` text COLLATE utf8_unicode_ci,
  `created_at` int(11) DEFAULT NULL,
  `updated_at` int(11) DEFAULT NULL,
  PRIMARY KEY (`name`)
) ENGINE=InnoDB DEFAULT CHARSET=utf8 COLLATE=utf8_unicode_ci;

-- ----------------------------
-- Records of auth_rule
-- ----------------------------

-- ----------------------------
-- Table structure for cache
-- ----------------------------
DROP TABLE IF EXISTS `cache`;
CREATE TABLE `cache` (
  `id` char(128) NOT NULL,
  `expire` int(11) DEFAULT NULL,
  `data` blob,
  PRIMARY KEY (`id`)
) ENGINE=InnoDB DEFAULT CHARSET=utf8;

-- ----------------------------
-- Records of cache
-- ----------------------------
INSERT INTO `cache` VALUES ('082d49ebf7d99e8cffc24e0eab01bcd4', '0', 0x613A323A7B693A303B4F3A32373A22686173735C75726C72756C655C6D6F64656C735C55726C52756C65223A383A7B733A33363A22007969695C64625C426173654163746976655265636F7264005F61747472696275746573223B613A31313A7B733A323A226964223B693A313B733A343A226E616D65223B4E3B733A373A227061747465726E223B733A373A2266656174757265223B733A343A22686F7374223B4E3B733A353A22726F757465223B733A393A22706167652F72656164223B733A383A2264656661756C7473223B733A353A2269643D3632223B733A363A22737566666978223B4E3B733A343A2276657262223B4E3B733A343A226D6F6465223B693A303B733A31323A22656E636F6465506172616D73223B693A313B733A363A22737461747573223B693A313B7D733A33393A22007969695C64625C426173654163746976655265636F7264005F6F6C6441747472696275746573223B613A31313A7B733A323A226964223B693A313B733A343A226E616D65223B4E3B733A373A227061747465726E223B733A373A2266656174757265223B733A343A22686F7374223B4E3B733A353A22726F757465223B733A393A22706167652F72656164223B733A383A2264656661756C7473223B733A353A2269643D3632223B733A363A22737566666978223B4E3B733A343A2276657262223B4E3B733A343A226D6F6465223B693A303B733A31323A22656E636F6465506172616D73223B693A313B733A363A22737461747573223B693A313B7D733A33333A22007969695C64625C426173654163746976655265636F7264005F72656C61746564223B613A303A7B7D733A32333A22007969695C626173655C4D6F64656C005F6572726F7273223B4E3B733A32373A22007969695C626173655C4D6F64656C005F76616C696461746F7273223B4E3B733A32353A22007969695C626173655C4D6F64656C005F7363656E6172696F223B733A373A2264656661756C74223B733A32373A22007969695C626173655C436F6D706F6E656E74005F6576656E7473223B613A303A7B7D733A33303A22007969695C626173655C436F6D706F6E656E74005F6265686176696F7273223B613A303A7B7D7D693A313B4E3B7D);
INSERT INTO `cache` VALUES ('4d93a35e998c264df4c665c4cdce89d8', '1447963429', 0x613A323A7B693A303B613A32353A7B733A31313A2261646D696E2E656D61696C223B733A31373A227A686570616D6140676D61696C2E636F6D223B733A31373A226170702E6261636B656E642E7468656D65223B733A393A22736B696E2D626C7565223B733A31383A226170702E66726F6E74656E642E7468656D65223B733A383A227265616461626C65223B733A383A226170702E6E616D65223B733A373A2248617373434D53223B733A31313A2263616368652E636C617373223B733A31393A227969695C63616368696E675C44624361636865223B733A31353A226D61696C2E656E6372797074696F6E223B733A333A2273736C223B733A393A226D61696C2E686F7374223B733A31313A22736D74702E71712E636F6D223B733A31333A226D61696C2E70617373776F7264223B733A31323A227368616E6B73313630313033223B733A393A226D61696C2E706F7274223B733A323A223830223B733A31333A226D61696C2E757365726E616D65223B733A31363A223235303939343232394071712E636F6D223B733A31373A226D61696C2E7573655472616E73706F7274223B733A313A2231223B733A31363A227265636170746368612E736563726574223B733A353A227364667364223B733A31383A227265636170746368612E736974652D6B6579223B733A343A2273646673223B733A32323A22636F6D6D656E742E6D61784E65737465644C6576656C223B733A313A2235223B733A32323A22636F6D6D656E742E6F6E6C7952656769737465726564223B733A313A2230223B733A32323A22636F6D6D656E742E6F72646572446972656374696F6E223B733A313A2233223B733A32383A22636F6D6D656E742E6E65737465644F72646572446972656374696F6E223B733A313A2234223B733A383A226170702E6C6F676F223B733A37353A22687474703A2F2F636D732E6861737369756D2E6F72672F75706C6F6164732F6D656469612F3536342F6165332F3239372F353634616533323937303063363139303137313835312E706E67223B733A31353A226170702E6465736372697074696F6E223B733A32323A2248617373636D73206973206265737420706870636D73223B733A31323A226170702E74696D657A6F6E65223B733A31343A22417369612F486F6E675F4B6F6E67223B733A31323A226170702E6C616E6775616765223B733A353A227A682D434E223B733A31343A226170702E61646D696E456D61696C223B733A31323A226E6F407265706C792E636F6D223B733A31363A226170702E6261636B656E645468656D65223B733A393A22736B696E2D626C7565223B733A31383A227468656D652E64656661756C745468656D65223B733A31353A226170702F7468656D652D6261736963223B733A31353A227468656D652E7468656D6550617468223B733A31313A22406170702F7468656D6573223B7D693A313B4E3B7D);
INSERT INTO `cache` VALUES ('9573a9c74b641432e0aec6b10e9ba9ce', '0', 0x613A323A7B693A303B613A343A7B733A353A22656D61696C223B733A31363A223235303939343232394071712E636F6D223B733A383A22757365726E616D65223B733A393A22323530393934323239223B733A383A2270617373776F7264223B733A393A227368616E6B73303037223B733A31353A2270617373776F7264436F6E6669726D223B733A393A227368616E6B73303037223B7D693A313B4E3B7D);
INSERT INTO `cache` VALUES ('963454f612a8b5fb4a63ba1e97f028a1', '0', 0x613A323A7B693A303B613A323A7B693A303B613A333A7B693A303B4F3A31353A227969695C7765625C55726C52756C65223A31343A7B733A343A226E616D65223B733A33373A223C636F6E74726F6C6C65723A28706F73747C706167657C6361747C746167293E2F3C69643E223B733A373A227061747465726E223B733A36313A22235E283F503C6134636632363639613E28706F73747C706167657C6361747C74616729292F283F503C6162663339363735303E5B5E5C2F5D2B29242375223B733A343A22686F7374223B4E3B733A353A22726F757465223B733A31373A223C636F6E74726F6C6C65723E2F72656164223B733A383A2264656661756C7473223B613A303A7B7D733A363A22737566666978223B4E3B733A343A2276657262223B4E3B733A343A226D6F6465223B4E3B733A31323A22656E636F6465506172616D73223B623A313B733A31353A22002A00706C616365686F6C64657273223B613A323A7B733A393A22613463663236363961223B733A31303A22636F6E74726F6C6C6572223B733A393A22616266333936373530223B733A323A226964223B7D733A32363A22007969695C7765625C55726C52756C65005F74656D706C617465223B733A31393A222F3C636F6E74726F6C6C65723E2F3C69643E2F223B733A32373A22007969695C7765625C55726C52756C65005F726F75746552756C65223B733A34343A22235E283F503C6134636632363639613E28706F73747C706167657C6361747C74616729292F72656164242375223B733A32383A22007969695C7765625C55726C52756C65005F706172616D52756C6573223B613A313A7B733A323A226964223B733A303A22223B7D733A32393A22007969695C7765625C55726C52756C65005F726F757465506172616D73223B613A313A7B733A31303A22636F6E74726F6C6C6572223B733A31323A223C636F6E74726F6C6C65723E223B7D7D693A313B4F3A31353A227969695C7765625C55726C52756C65223A31343A7B733A343A226E616D65223B733A33333A223C636F6E74726F6C6C65723A28706F73747C706167657C6361747C746167293E73223B733A373A227061747465726E223B733A34303A22235E283F503C6134636632363639613E28706F73747C706167657C6361747C746167292973242375223B733A343A22686F7374223B4E3B733A353A22726F757465223B733A31373A223C636F6E74726F6C6C65723E2F6C697374223B733A383A2264656661756C7473223B613A303A7B7D733A363A22737566666978223B4E3B733A343A2276657262223B4E3B733A343A226D6F6465223B4E3B733A31323A22656E636F6465506172616D73223B623A313B733A31353A22002A00706C616365686F6C64657273223B613A313A7B733A393A22613463663236363961223B733A31303A22636F6E74726F6C6C6572223B7D733A32363A22007969695C7765625C55726C52756C65005F74656D706C617465223B733A31353A222F3C636F6E74726F6C6C65723E732F223B733A32373A22007969695C7765625C55726C52756C65005F726F75746552756C65223B733A34343A22235E283F503C6134636632363639613E28706F73747C706167657C6361747C74616729292F6C697374242375223B733A32383A22007969695C7765625C55726C52756C65005F706172616D52756C6573223B613A303A7B7D733A32393A22007969695C7765625C55726C52756C65005F726F757465506172616D73223B613A313A7B733A31303A22636F6E74726F6C6C6572223B733A31323A223C636F6E74726F6C6C65723E223B7D7D693A323B4F3A33313A22686173735C75726C72756C655C636F6D706F6E656E74735C55726C52756C65223A31343A7B733A343A226E616D65223B733A33313A22686173735C75726C72756C655C636F6D706F6E656E74735C55726C52756C65223B733A373A227061747465726E223B4E3B733A343A22686F7374223B4E3B733A353A22726F757465223B4E3B733A383A2264656661756C7473223B613A303A7B7D733A363A22737566666978223B4E3B733A343A2276657262223B4E3B733A343A226D6F6465223B4E3B733A31323A22656E636F6465506172616D73223B623A313B733A31353A22002A00706C616365686F6C64657273223B613A303A7B7D733A32363A22007969695C7765625C55726C52756C65005F74656D706C617465223B4E3B733A32373A22007969695C7765625C55726C52756C65005F726F75746552756C65223B4E3B733A32383A22007969695C7765625C55726C52756C65005F706172616D52756C6573223B613A303A7B7D733A32393A22007969695C7765625C55726C52756C65005F726F757465506172616D73223B613A303A7B7D7D7D693A313B733A33323A223966613430636166393334643036623333323162343061666135303065613735223B7D693A313B4E3B7D);
INSERT INTO `cache` VALUES ('a7614cd8cdd3f3416208dba969ad9244', '0', 0x613A323A7B693A303B4F3A32373A22686173735C75726C72756C655C6D6F64656C735C55726C52756C65223A383A7B733A33363A22007969695C64625C426173654163746976655265636F7264005F61747472696275746573223B613A31313A7B733A323A226964223B693A313B733A343A226E616D65223B4E3B733A373A227061747465726E223B733A373A2266656174757265223B733A343A22686F7374223B4E3B733A353A22726F757465223B733A393A22706167652F72656164223B733A383A2264656661756C7473223B733A353A2269643D3632223B733A363A22737566666978223B4E3B733A343A2276657262223B4E3B733A343A226D6F6465223B693A303B733A31323A22656E636F6465506172616D73223B693A313B733A363A22737461747573223B693A313B7D733A33393A22007969695C64625C426173654163746976655265636F7264005F6F6C6441747472696275746573223B613A31313A7B733A323A226964223B693A313B733A343A226E616D65223B4E3B733A373A227061747465726E223B733A373A2266656174757265223B733A343A22686F7374223B4E3B733A353A22726F757465223B733A393A22706167652F72656164223B733A383A2264656661756C7473223B733A353A2269643D3632223B733A363A22737566666978223B4E3B733A343A2276657262223B4E3B733A343A226D6F6465223B693A303B733A31323A22656E636F6465506172616D73223B693A313B733A363A22737461747573223B693A313B7D733A33333A22007969695C64625C426173654163746976655265636F7264005F72656C61746564223B613A303A7B7D733A32333A22007969695C626173655C4D6F64656C005F6572726F7273223B4E3B733A32373A22007969695C626173655C4D6F64656C005F76616C696461746F7273223B4E3B733A32353A22007969695C626173655C4D6F64656C005F7363656E6172696F223B733A373A2264656661756C74223B733A32373A22007969695C626173655C436F6D706F6E656E74005F6576656E7473223B613A303A7B7D733A33303A22007969695C626173655C436F6D706F6E656E74005F6265686176696F7273223B613A303A7B7D7D693A313B4E3B7D);
INSERT INTO `cache` VALUES ('d8d2bb8d7113f65955cb4a08cfb5705d', '0', 0x613A323A7B693A303B613A343A7B733A31313A2261707054696D657A6F6E65223B733A31343A22417369612F43686F6E6771696E67223B733A31313A226170704C616E6775616765223B733A353A227A682D434E223B733A373A226170704E616D65223B733A31353A22E8B186E88590E5B9B2E8B186E88590223B733A31343A226170704465736372697074696F6E223B733A31323A22736466736464736466736466223B7D693A313B4E3B7D);
INSERT INTO `cache` VALUES ('ea77b83412712ef9240a568d9c49f53b', '1447972749', 0x613A323A7B693A303B613A31333A7B733A363A22636F6E666967223B4F3A383A22737464436C617373223A393A7B733A393A226D6F64756C655F6964223B693A33323B733A343A226E616D65223B733A363A22636F6E666967223B733A353A2267726F7570223B733A363A22636F6E666967223B733A353A22636C617373223B733A31383A22686173735C636F6E6669675C4D6F64756C65223B733A353A227469746C65223B733A363A22E9858DE7BDAE223B733A343A2269636F6E223B733A31323A2266612D66696C652D74657874223B733A363A226E6F74696365223B693A303B733A363A22776569676874223B693A313B733A363A22737461747573223B693A313B7D733A353A227468656D65223B4F3A383A22737464436C617373223A393A7B733A393A226D6F64756C655F6964223B693A33373B733A343A226E616D65223B733A353A227468656D65223B733A353A2267726F7570223B733A31303A22617070656172616E6365223B733A353A22636C617373223B733A31373A22686173735C7468656D655C4D6F64756C65223B733A353A227469746C65223B733A363A22E4B8BBE9A298223B733A343A2269636F6E223B733A31323A2266612D626C61636B2D746965223B733A363A226E6F74696365223B693A303B733A363A22776569676874223B693A333B733A363A22737461747573223B693A313B7D733A343A22706F7374223B4F3A383A22737464436C617373223A393A7B733A393A226D6F64756C655F6964223B693A33343B733A343A226E616D65223B733A343A22706F7374223B733A353A2267726F7570223B733A373A22636F6E74656E74223B733A353A22636C617373223B733A31363A22686173735C706F73745C4D6F64756C65223B733A353A227469746C65223B733A363A22E69687E7ABA0223B733A343A2269636F6E223B733A31343A2266612D66696C652D776F72642D6F223B733A363A226E6F74696365223B693A303B733A363A22776569676874223B693A343B733A363A22737461747573223B693A313B7D733A373A22636F6D6D656E74223B4F3A383A22737464436C617373223A393A7B733A393A226D6F64756C655F6964223B693A33353B733A343A226E616D65223B733A373A22636F6D6D656E74223B733A353A2267726F7570223B733A393A22737472756374757265223B733A353A22636C617373223B733A31393A22686173735C636F6D6D656E745C4D6F64756C65223B733A353A227469746C65223B733A363A22E8AF84E8AEBA223B733A343A2269636F6E223B733A31333A2266612D636F6D6D656E74696E67223B733A363A226E6F74696365223B693A303B733A363A22776569676874223B693A353B733A363A22737461747573223B693A313B7D733A31303A226174746163686D656E74223B4F3A383A22737464436C617373223A393A7B733A393A226D6F64756C655F6964223B693A33363B733A343A226E616D65223B733A31303A226174746163686D656E74223B733A353A2267726F7570223B733A393A22737472756374757265223B733A353A22636C617373223B733A32323A22686173735C6174746163686D656E745C4D6F64756C65223B733A353A227469746C65223B733A363A22E99984E4BBB6223B733A343A2269636F6E223B733A31373A2266612D636C6F75642D646F776E6C6F6164223B733A363A226E6F74696365223B693A303B733A363A22776569676874223B693A363B733A363A22737461747573223B693A313B7D733A333A22746167223B4F3A383A22737464436C617373223A393A7B733A393A226D6F64756C655F6964223B693A33303B733A343A226E616D65223B733A333A22746167223B733A353A2267726F7570223B733A393A22737472756374757265223B733A353A22636C617373223B733A31353A22686173735C7461675C4D6F64756C65223B733A353A227469746C65223B733A333A22546167223B733A343A2269636F6E223B733A373A2266612D74616773223B733A363A226E6F74696365223B693A303B733A363A22776569676874223B693A373B733A363A22737461747573223B693A313B7D733A343A226D656E75223B4F3A383A22737464436C617373223A393A7B733A393A226D6F64756C655F6964223B693A33333B733A343A226E616D65223B733A343A226D656E75223B733A353A2267726F7570223B733A393A22737472756374757265223B733A353A22636C617373223B733A31363A22686173735C6D656E755C4D6F64756C65223B733A353A227469746C65223B733A363A22E88F9CE58D95223B733A343A2269636F6E223B733A373A2266612D6C696E6B223B733A363A226E6F74696365223B693A303B733A363A22776569676874223B693A383B733A363A22737461747573223B693A313B7D733A383A227461786F6E6F6D79223B4F3A383A22737464436C617373223A393A7B733A393A226D6F64756C655F6964223B693A32393B733A343A226E616D65223B733A383A227461786F6E6F6D79223B733A353A2267726F7570223B733A393A22737472756374757265223B733A353A22636C617373223B733A32303A22686173735C7461786F6E6F6D795C4D6F64756C65223B733A353A227469746C65223B733A363A22E58886E7B1BB223B733A343A2269636F6E223B733A31313A2266612D6C6973742D616C74223B733A363A226E6F74696365223B693A303B733A363A22776569676874223B693A393B733A363A22737461747573223B693A313B7D733A393A226D6967726174696F6E223B4F3A383A22737464436C617373223A393A7B733A393A226D6F64756C655F6964223B693A33383B733A343A226E616D65223B733A393A226D6967726174696F6E223B733A353A2267726F7570223B733A363A2273797374656D223B733A353A22636C617373223B733A32313A22686173735C6D6967726174696F6E5C4D6F64756C65223B733A353A227469746C65223B733A31323A22E8BF81E7A7BBE5B7A5E585B7223B733A343A2269636F6E223B733A31363A2266612D68616E642D6C697A6172642D6F223B733A363A226E6F74696365223B693A303B733A363A22776569676874223B693A31303B733A363A22737461747573223B693A313B7D733A343A2261726561223B4F3A383A22737464436C617373223A393A7B733A393A226D6F64756C655F6964223B693A34303B733A343A226E616D65223B733A343A2261726561223B733A353A2267726F7570223B733A31303A22617070656172616E6365223B733A353A22636C617373223B733A31363A22686173735C617265615C4D6F64756C65223B733A353A227469746C65223B733A363A22E58CBAE59D97223B733A343A2269636F6E223B733A383A2266612D6375626573223B733A363A226E6F74696365223B693A303B733A363A22776569676874223B693A31313B733A363A22737461747573223B693A313B7D733A343A2270616765223B4F3A383A22737464436C617373223A393A7B733A393A226D6F64756C655F6964223B693A34323B733A343A226E616D65223B733A343A2270616765223B733A353A2267726F7570223B733A373A22636F6E74656E74223B733A353A22636C617373223B733A31363A22686173735C706167655C4D6F64756C65223B733A353A227469746C65223B733A363A22E9A1B5E99DA2223B733A343A2269636F6E223B733A31343A2266612D66696C652D746578742D6F223B733A363A226E6F74696365223B693A303B733A363A22776569676874223B693A31333B733A363A22737461747573223B693A313B7D733A373A2275726C72756C65223B4F3A383A22737464436C617373223A393A7B733A393A226D6F64756C655F6964223B693A34343B733A343A226E616D65223B733A373A2275726C72756C65223B733A353A2267726F7570223B733A393A22737472756374757265223B733A353A22636C617373223B733A31393A22686173735C75726C72756C655C4D6F64756C65223B733A353A227469746C65223B733A393A2255524CE8A784E58899223B733A343A2269636F6E223B733A31363A2266612D65787465726E616C2D6C696E6B223B733A363A226E6F74696365223B693A303B733A363A22776569676874223B693A31353B733A363A22737461747573223B693A313B7D733A363A22706C7567696E223B4F3A383A22737464436C617373223A393A7B733A393A226D6F64756C655F6964223B693A34353B733A343A226E616D65223B733A363A22706C7567696E223B733A353A2267726F7570223B733A363A22706C7567696E223B733A353A22636C617373223B733A31383A22686173735C706C7567696E5C4D6F64756C65223B733A353A227469746C65223B733A31323A22E68F92E4BBB6E7AEA1E79086223B733A343A2269636F6E223B733A383A2266612D666C61736B223B733A363A226E6F74696365223B693A303B733A363A22776569676874223B693A31363B733A363A22737461747573223B693A313B7D7D693A313B4E3B7D);

-- ----------------------------
-- Table structure for comment
-- ----------------------------
DROP TABLE IF EXISTS `comment`;
CREATE TABLE `comment` (
  `comment_id` int(11) NOT NULL AUTO_INCREMENT,
  `entity` varchar(64) NOT NULL DEFAULT '',
  `entity_id` int(11) DEFAULT NULL,
  `author_id` int(11) DEFAULT NULL,
  `username` varchar(128) DEFAULT NULL,
  `email` varchar(128) DEFAULT NULL,
  `parent_id` int(11) DEFAULT NULL COMMENT 'null-is not a reply, int-replied comment id',
  `status` int(1) unsigned NOT NULL DEFAULT '1' COMMENT '0-pending,1-published,2-spam,3-deleted',
  `created_at` int(11) NOT NULL,
  `updated_at` int(11) NOT NULL,
  `content` text NOT NULL,
  `user_ip` varchar(15) DEFAULT NULL,
  PRIMARY KEY (`comment_id`),
  KEY `comment_model` (`entity`),
  KEY `comment_model_id` (`entity`,`entity_id`),
  KEY `comment_status` (`status`),
  KEY `comment_reply` (`parent_id`)
) ENGINE=InnoDB AUTO_INCREMENT=14 DEFAULT CHARSET=utf8 ROW_FORMAT=COMPACT;

-- ----------------------------
-- Records of comment
-- ----------------------------
INSERT INTO `comment` VALUES ('1', 'hass\\post\\models\\Post', '53', '1', null, null, null, '1', '1447040165', '1447040165', '事实上豆腐干豆腐', '127.0.0.1');
INSERT INTO `comment` VALUES ('2', 'hass\\post\\models\\Post', '53', '1', null, null, null, '1', '1447042908', '1447042908', '555555555555555555555555', '127.0.0.1');
INSERT INTO `comment` VALUES ('3', 'hass\\post\\models\\Post', '53', '1', null, null, '2', '1', '1447042916', '1447042916', 'jhgjgjhgjhg', '127.0.0.1');
INSERT INTO `comment` VALUES ('4', 'hass\\post\\models\\Post', '53', '1', null, null, '3', '1', '1447042925', '1447042925', '6jhfghfhgf', '127.0.0.1');
INSERT INTO `comment` VALUES ('5', 'hass\\post\\models\\Post', '58', '1', null, null, null, '1', '1447115984', '1447115984', '的方式的方式 ', '127.0.0.1');
INSERT INTO `comment` VALUES ('6', 'hass\\post\\models\\Post', '73', null, '随碟附送', 'zhepama@gmail.com', null, '1', '1447116608', '1447116608', 'sdfsdfsdfs', '127.0.0.1');
INSERT INTO `comment` VALUES ('7', 'hass\\post\\models\\Post', '73', null, '随碟附送', 'zhepama@gmail.com', null, '1', '1447120605', '1447120605', '事实上试试', '127.0.0.1');
INSERT INTO `comment` VALUES ('8', 'hass\\post\\models\\Post', '53', null, '随碟附送', 'zhepama@gmail.com', null, '1', '1447120717', '1447120717', '是的淡淡的', '127.0.0.1');
INSERT INTO `comment` VALUES ('9', 'hass\\post\\models\\Post', '58', null, '随碟附送', 'zhepama@gmail.com', '5', '1', '1447120744', '1447120744', '撒的发生的发生的', '127.0.0.1');
INSERT INTO `comment` VALUES ('10', 'hass\\post\\models\\Post', '71', null, '随碟附送', 'zhepama@gmail.com', null, '1', '1447128240', '1447128240', 'sdfssdf', '127.0.0.1');
INSERT INTO `comment` VALUES ('11', 'hass\\post\\models\\Post', '71', null, '随碟附送', 'zhepama@gmail.com', '10', '1', '1447128247', '1447128247', 'sdfsdfdsf', '127.0.0.1');
INSERT INTO `comment` VALUES ('12', 'hass\\post\\models\\Post', '71', null, '随碟附送', 'zhepama@gmail.com', null, '1', '1447128253', '1447128253', 'sdfsdfs', '127.0.0.1');
INSERT INTO `comment` VALUES ('13', '\\hass\\post\\models\\Post', '73', null, '实得分是', 'sss@sdf.com', null, '1', '1447828832', '1447828832', '对的ddddd', '127.0.0.1');

-- ----------------------------
-- Table structure for comment_info
-- ----------------------------
DROP TABLE IF EXISTS `comment_info`;
CREATE TABLE `comment_info` (
  `entity` varchar(128) DEFAULT NULL,
  `entity_id` int(11) DEFAULT NULL,
  `status` tinyint(4) DEFAULT NULL,
  `total` int(11) DEFAULT '0',
  KEY `entity_entity_id` (`entity`,`entity_id`)
) ENGINE=InnoDB DEFAULT CHARSET=utf8;

-- ----------------------------
-- Records of comment_info
-- ----------------------------
INSERT INTO `comment_info` VALUES ('hass\\post\\models\\Post', '73', '1', '2');
INSERT INTO `comment_info` VALUES ('hass\\post\\models\\Post', '53', null, '5');
INSERT INTO `comment_info` VALUES ('hass\\post\\models\\Post', '58', null, '2');
INSERT INTO `comment_info` VALUES ('hass\\post\\models\\Post', '71', null, '3');
INSERT INTO `comment_info` VALUES ('\\hass\\post\\models\\Post', '73', null, '1');

-- ----------------------------
-- Table structure for config
-- ----------------------------
DROP TABLE IF EXISTS `config`;
CREATE TABLE `config` (
  `id` int(11) NOT NULL AUTO_INCREMENT,
  `name` varchar(128) DEFAULT NULL,
  `value` mediumtext,
  PRIMARY KEY (`id`),
  UNIQUE KEY `name` (`name`)
) ENGINE=InnoDB AUTO_INCREMENT=32 DEFAULT CHARSET=utf8;

-- ----------------------------
-- Records of config
-- ----------------------------
INSERT INTO `config` VALUES ('1', 'admin.email', 'zhepama@gmail.com');
INSERT INTO `config` VALUES ('2', 'app.backend.theme', 'skin-blue');
INSERT INTO `config` VALUES ('3', 'app.frontend.theme', 'readable');
INSERT INTO `config` VALUES ('4', 'app.name', 'HassCMS');
INSERT INTO `config` VALUES ('5', 'cache.class', 'yii\\caching\\DbCache');
INSERT INTO `config` VALUES ('6', 'mail.encryption', 'ssl');
INSERT INTO `config` VALUES ('7', 'mail.host', 'smtp.qq.com');
INSERT INTO `config` VALUES ('8', 'mail.password', 'shanks160103');
INSERT INTO `config` VALUES ('9', 'mail.port', '80');
INSERT INTO `config` VALUES ('10', 'mail.username', '250994229@qq.com');
INSERT INTO `config` VALUES ('11', 'mail.useTransport', '1');
INSERT INTO `config` VALUES ('12', 'recaptcha.secret', 'sdfsd');
INSERT INTO `config` VALUES ('13', 'recaptcha.site-key', 'sdfs');
INSERT INTO `config` VALUES ('14', 'comment.maxNestedLevel', '5');
INSERT INTO `config` VALUES ('15', 'comment.onlyRegistered', '0');
INSERT INTO `config` VALUES ('16', 'comment.orderDirection', '3');
INSERT INTO `config` VALUES ('17', 'comment.nestedOrderDirection', '4');
INSERT INTO `config` VALUES ('21', 'app.logo', 'http://cms.hassium.org/uploads/media/564/ae3/297/564ae329700c6190171851.png');
INSERT INTO `config` VALUES ('22', 'app.description', 'Hasscms is best phpcms');
INSERT INTO `config` VALUES ('23', 'app.timezone', 'Asia/Hong_Kong');
INSERT INTO `config` VALUES ('24', 'app.language', 'zh-CN');
INSERT INTO `config` VALUES ('28', 'app.adminEmail', 'no@reply.com');
INSERT INTO `config` VALUES ('29', 'app.backendTheme', 'skin-blue');
INSERT INTO `config` VALUES ('30', 'theme.defaultTheme', 'app/theme-basic');
INSERT INTO `config` VALUES ('31', 'theme.themePath', '@app/themes');

-- ----------------------------
-- Table structure for menu
-- ----------------------------
DROP TABLE IF EXISTS `menu`;
CREATE TABLE `menu` (
  `slug` varchar(128) NOT NULL,
  `name` varchar(128) DEFAULT NULL,
  `title` varchar(128) DEFAULT NULL,
  `module` varchar(128) DEFAULT NULL,
  `original` varchar(128) DEFAULT NULL,
  `tree` int(11) DEFAULT NULL,
  `lft` int(11) DEFAULT NULL,
  `rgt` int(11) DEFAULT NULL,
  `options` text,
  `depth` int(11) DEFAULT NULL,
  `status` tinyint(1) DEFAULT '1',
  PRIMARY KEY (`slug`)
) ENGINE=InnoDB DEFAULT CHARSET=utf8;

-- ----------------------------
-- Records of menu
-- ----------------------------
INSERT INTO `menu` VALUES ('fa-xian', '', '', 'taxonomy', '37', '8', '6', '7', null, '1', '1');
INSERT INTO `menu` VALUES ('footer-menu', '底部菜单', '', null, null, '1', '1', '10', null, '0', '1');
INSERT INTO `menu` VALUES ('gong-si-jian-jie', '', '', 'page', '62', '8', '13', '14', null, '2', '1');
INSERT INTO `menu` VALUES ('gong-si-jian-jie-2', '', '', 'page', '62', '1', '4', '5', null, '1', '1');
INSERT INTO `menu` VALUES ('gong-si-jian-jie-4', '', '', 'page', '62', '3', '2', '3', null, '1', '1');
INSERT INTO `menu` VALUES ('guan-li-tuan-dui', '', '', 'page', '63', '8', '11', '12', null, '2', '1');
INSERT INTO `menu` VALUES ('guan-li-tuan-dui-2', '', '', 'page', '63', '1', '6', '7', null, '1', '1');
INSERT INTO `menu` VALUES ('guan-li-tuan-dui-4', '', '', 'page', '63', '3', '4', '5', null, '1', '1');
INSERT INTO `menu` VALUES ('guan-yu-wo-men', '关于我们', '', 'menu', '#', '8', '10', '15', null, '1', '1');
INSERT INTO `menu` VALUES ('hassiumn', 'Hassiumn', '', 'menu', 'http://www.hassium.org/', '2', '2', '3', null, '1', '1');
INSERT INTO `menu` VALUES ('hui-dao-zhu-zhan', '回到主站', '', 'menu', 'http://hassium.org', '8', '16', '17', null, '1', '1');
INSERT INTO `menu` VALUES ('lian-xi-wo-men', '', '', 'page', '64', '1', '8', '9', null, '1', '1');
INSERT INTO `menu` VALUES ('lian-xi-wo-men-5', '', '', 'page', '64', '3', '6', '7', null, '1', '1');
INSERT INTO `menu` VALUES ('main-menu', '顶部菜单', '顶部菜单', null, null, '8', '1', '18', null, '0', '1');
INSERT INTO `menu` VALUES ('page-sidebar', '页面左侧菜单', '页面左侧菜单', null, null, '3', '1', '8', null, '0', '1');
INSERT INTO `menu` VALUES ('shou-ye', '', '', 'page', '-1', '8', '2', '3', null, '1', '1');
INSERT INTO `menu` VALUES ('shou-ye-2', '', '', 'page', '-1', '1', '2', '3', null, '1', '1');
INSERT INTO `menu` VALUES ('wei-wu', '', '', 'taxonomy', '39', '8', '8', '9', null, '1', '1');
INSERT INTO `menu` VALUES ('xin-xian', '', '', 'taxonomy', '38', '8', '4', '5', null, '1', '1');
INSERT INTO `menu` VALUES ('you-qing-lian-jie', '友情链接', '', null, null, '2', '1', '4', null, '0', '1');

-- ----------------------------
-- Table structure for meta
-- ----------------------------
DROP TABLE IF EXISTS `meta`;
CREATE TABLE `meta` (
  `meta_id` int(11) NOT NULL AUTO_INCREMENT,
  `entity` varchar(128) NOT NULL,
  `entity_id` int(11) NOT NULL,
  `h1` varchar(128) DEFAULT NULL,
  `title` varchar(128) DEFAULT NULL,
  `keywords` varchar(128) DEFAULT NULL,
  `description` varchar(128) DEFAULT NULL,
  PRIMARY KEY (`meta_id`),
  UNIQUE KEY `model_item` (`entity`,`entity_id`)
) ENGINE=MyISAM AUTO_INCREMENT=21 DEFAULT CHARSET=utf8;

-- ----------------------------
-- Records of meta
-- ----------------------------
INSERT INTO `meta` VALUES ('10', 'hass\\modules\\taxonomy\\models\\TaxonomyTerm', '1', '11', '23', '4543', '3453');
INSERT INTO `meta` VALUES ('15', 'hass\\tag\\models\\Tag', '276', 'sdfsdfssdf', '', '', '');
INSERT INTO `meta` VALUES ('18', 'hass\\tag\\models\\Tag', '277', '随碟附送', '诗圣杜甫', '啊啊', '对的');
INSERT INTO `meta` VALUES ('20', 'hass\\tag\\models\\Tag', '278', '随碟附送', '诗圣杜甫', '啊啊', '对的');

-- ----------------------------
-- Table structure for migration
-- ----------------------------
DROP TABLE IF EXISTS `migration`;
CREATE TABLE `migration` (
  `version` varchar(180) NOT NULL,
  `apply_time` int(11) DEFAULT NULL,
  PRIMARY KEY (`version`)
) ENGINE=InnoDB DEFAULT CHARSET=utf8;

-- ----------------------------
-- Records of migration
-- ----------------------------
INSERT INTO `migration` VALUES ('m000000_000000_base', '1442098867');
INSERT INTO `migration` VALUES ('m141025_074801_url_rule', '1444665225');
INSERT INTO `migration` VALUES ('m150109_093837_addI18nTables', '1444804108');

-- ----------------------------
-- Table structure for modules
-- ----------------------------
DROP TABLE IF EXISTS `modules`;
CREATE TABLE `modules` (
  `module_id` int(11) NOT NULL AUTO_INCREMENT,
  `name` varchar(64) NOT NULL,
  `group` varchar(50) DEFAULT '0',
  `class` varchar(128) NOT NULL,
  `title` varchar(128) NOT NULL,
  `icon` varchar(32) NOT NULL,
  `notice` int(11) DEFAULT '0',
  `weight` int(11) NOT NULL,
  `status` tinyint(1) DEFAULT '0',
  PRIMARY KEY (`module_id`),
  UNIQUE KEY `name` (`name`)
) ENGINE=MyISAM AUTO_INCREMENT=46 DEFAULT CHARSET=utf8;

-- ----------------------------
-- Records of modules
-- ----------------------------
INSERT INTO `modules` VALUES ('32', 'config', 'config', 'hass\\config\\Module', '配置', 'fa-file-text', '0', '1', '1');
INSERT INTO `modules` VALUES ('29', 'taxonomy', 'structure', 'hass\\taxonomy\\Module', '分类', 'fa-list-alt', '0', '9', '1');
INSERT INTO `modules` VALUES ('30', 'tag', 'structure', 'hass\\tag\\Module', 'Tag', 'fa-tags', '0', '7', '1');
INSERT INTO `modules` VALUES ('33', 'menu', 'structure', 'hass\\menu\\Module', '菜单', 'fa-link', '0', '8', '1');
INSERT INTO `modules` VALUES ('34', 'post', 'content', 'hass\\post\\Module', '文章', 'fa-file-word-o', '0', '4', '1');
INSERT INTO `modules` VALUES ('35', 'comment', 'structure', 'hass\\comment\\Module', '评论', 'fa-commenting', '0', '5', '1');
INSERT INTO `modules` VALUES ('36', 'attachment', 'structure', 'hass\\attachment\\Module', '附件', 'fa-cloud-download', '0', '6', '1');
INSERT INTO `modules` VALUES ('37', 'theme', 'appearance', 'hass\\theme\\Module', '主题', 'fa-black-tie', '0', '3', '1');
INSERT INTO `modules` VALUES ('38', 'migration', 'system', 'hass\\migration\\Module', '迁移工具', 'fa-hand-lizard-o', '0', '10', '1');
INSERT INTO `modules` VALUES ('40', 'area', 'appearance', 'hass\\area\\Module', '区块', 'fa-cubes', '0', '11', '1');
INSERT INTO `modules` VALUES ('42', 'page', 'content', 'hass\\page\\Module', '页面', 'fa-file-text-o', '0', '13', '1');
INSERT INTO `modules` VALUES ('44', 'urlrule', 'structure', 'hass\\urlrule\\Module', 'URL规则', 'fa-external-link', '0', '15', '1');
INSERT INTO `modules` VALUES ('45', 'plugin', 'plugin', 'hass\\plugin\\Module', '插件管理', 'fa-flask', '0', '16', '1');

-- ----------------------------
-- Table structure for page
-- ----------------------------
DROP TABLE IF EXISTS `page`;
CREATE TABLE `page` (
  `id` int(11) NOT NULL AUTO_INCREMENT,
  `parent` int(11) NOT NULL DEFAULT '0',
  `title` varchar(128) NOT NULL,
  `content` text NOT NULL,
  `slug` varchar(128) DEFAULT NULL,
  `status` tinyint(1) DEFAULT '1',
  `published_at` int(11) DEFAULT NULL,
  `created_at` int(11) NOT NULL,
  `updated_at` int(11) NOT NULL,
  `weight` int(11) NOT NULL DEFAULT '1',
  PRIMARY KEY (`id`),
  UNIQUE KEY `slug` (`slug`)
) ENGINE=MyISAM AUTO_INCREMENT=65 DEFAULT CHARSET=utf8 ROW_FORMAT=DYNAMIC;

-- ----------------------------
-- Records of page
-- ----------------------------
INSERT INTO `page` VALUES ('62', '0', '公司简介', '<p>fsdfsdfsdf</p>', 'gong-si-jian-jie', '1', '1444494807', '1444494823', '1447205112', '1');
INSERT INTO `page` VALUES ('63', '0', '管理团队', '<p>dfgdfg</p>', 'guan-li-tuan-dui', '1', '1444942969', '1444943033', '1445661447', '2');
INSERT INTO `page` VALUES ('64', '0', '联系我们', '<p>联系我们</p>', 'lian-xi-wo-men', '1', '1445662752', '1445662752', '1447205094', '3');

-- ----------------------------
-- Table structure for plugin
-- ----------------------------
DROP TABLE IF EXISTS `plugin`;
CREATE TABLE `plugin` (
  `package` varchar(50) NOT NULL,
  `status` tinyint(4) DEFAULT NULL,
  `installed` tinyint(4) DEFAULT NULL,
  PRIMARY KEY (`package`)
) ENGINE=InnoDB DEFAULT CHARSET=utf8;

-- ----------------------------
-- Records of plugin
-- ----------------------------
INSERT INTO `plugin` VALUES ('hassium/hass-album', '1', '1');
INSERT INTO `plugin` VALUES ('hassium/hass-revolutionslider', '1', '1');
INSERT INTO `plugin` VALUES ('hassium/hass-timeline', '1', '1');

-- ----------------------------
-- Table structure for post
-- ----------------------------
DROP TABLE IF EXISTS `post`;
CREATE TABLE `post` (
  `id` int(11) NOT NULL AUTO_INCREMENT,
  `author_id` int(11) NOT NULL,
  `title` varchar(128) NOT NULL,
  `short` varchar(1024) DEFAULT NULL,
  `content` text NOT NULL,
  `slug` varchar(128) DEFAULT NULL,
  `views` int(11) DEFAULT '0',
  `status` tinyint(1) DEFAULT '1',
  `published_at` int(11) DEFAULT NULL,
  `created_at` int(11) NOT NULL,
  `updated_at` int(11) NOT NULL,
  `revision` int(11) NOT NULL DEFAULT '1',
  PRIMARY KEY (`id`),
  UNIQUE KEY `slug` (`slug`)
) ENGINE=MyISAM AUTO_INCREMENT=74 DEFAULT CHARSET=utf8 ROW_FORMAT=DYNAMIC;

-- ----------------------------
-- Records of post
-- ----------------------------
INSERT INTO `post` VALUES ('53', '1', 'YOGA对飚Surface，能投影的平板究竟怎样？', '当联想以“匠心”为主题召开新品发布会时，我想到了同样标榜“工匠精神”的锤子。当杨元庆以“联想集团首席产品经理”的Title走上台时，我想到了同样以此自居的周鸿祎。当杨元庆用“美得令人窒息”形容yoga新品时，我想到了同样“令人窒息”的乐视。当黄晓明以超级粉丝的身份压轴登场发布会时，我想到了同样走明星路线的魅族。...2015年11月9日，联想在北京发布了三款YOGA新品：YOGA 4 Pro (Y...', '<p>当联想以“匠心”为主题召开新品发布会时，我想到了同样标榜“工匠精神”的锤子。<br /></p><p>当杨元庆以“联想集团首席产品经理”的Title走上台时，我想到了同样以此自居的周鸿祎。<br /></p><p>当杨元庆用“美得令人窒息”形容yoga新品时，我想到了同样“令人窒息”的乐视。</p><p>当黄晓明以超级粉丝的身份压轴登场发布会时，我想到了同样走明星路线的魅族。</p><p>...</p><p><img src=\"http://7te8bu.com1.z0.glb.clouddn.com/uploads/new/article/740_740/201511/56407c8b9adcc.jpg\" /></p><p>2015年11月9日，联想在北京发布了三款YOGA新品：YOGA 4 Pro (YOGA 900)；YOGA 平板3 Pro以及MIIX 4 (MIIX 700)。这是YOGA产品线每年一次的例行升级，所以依旧是全方位地诠释了笔记本形态的各种可能。</p><p>与<a target=\"_blank\" href=\"http://www.leiphone.com/tag/%E6%99%BA%E8%83%BD%E6%89%8B%E6%9C%BA\" title=\"智能手机\">智能手机</a>相比，PC是个相对沉寂的行业，所以像联想这样大张旗鼓的PC厂商并不多。而当联想的各位“产品经理”用发布手机的节奏和逻辑来发布PC时，词汇和概念的想象力自然要低很多。这谈不上是坏事，只不过当雷锋网记者在会后去回味产品细节时，脑海中的信息量会显得捉襟见肘。</p><p><strong>记住一个关键词“旋转”，几乎就抓住了YOGA全系产品的精髓。</strong></p><p><img src=\"http://7te8bu.com1.z0.glb.clouddn.com/uploads/new/article/740_740/201511/56407c8d1fff8.jpg\" /></p><p>YOGA 平板 3 Pro，相对于上代产品最大的改变就是将原本固定的投影，换成了180度可旋转的微型投影。解决的需求非常清晰，转变的逻辑没什么好讨论的。不过针对“平板+投影”是否在实际应用场景中成立？雷锋网记者征询了专业投影厂商明基的意见：</p><blockquote>他们（YOGA）好像没透露投影的基本规格，不过从外观看，它（YOGA 平板3 Pro）的亮度应该不高。同时它的设计应该对散热考虑不多。<br /><br /><br />这款平板的流明应该在50-100之间。以前在手机上和相机上都有类似的应用，明基也做过，不过那是很久以前的事了。说实话这个亮度实际应用意义不大。<br /></blockquote><p>由于展示区的光线相对充足，在体验产品的过程中，雷锋网记者的确感受到了YOGA 平板3 Pro的投影亮度不足。工作人员也表示：“在黑暗的室内会更好（亮）一点。”</p><p>亮度强弱不属于产品质量标准的检测范围，所以只要不虚标，出厂是完全没问题的。不过作为消费类电子产品的一个功能，难道投影的亮度没有标准可依吗？业内人士表示：“有的，最权威的技术标准叫ANSI流明。”</p><p>针对YOGA 平板3 Pro娱乐平板的定位，理论上应参照“ANSI流明”的最低标准：“在40-50平方米的家居或会客厅，投影机亮度建议选择800-1200流明之间，幕布对应选择60寸到72寸。”可通过联想“产品经理”的描述可知，在瞄准了70寸的投影尺寸之后，亮度会是他们以后需要努力的地方。</p><p>关于YOGA 4 Pro和MIIX 4，两者分别对位微软的Surface Book和Surface Pro。重点当然是更薄和更弯。14.9mm VS 22.8mm、180度 VS 150度。</p><p>至于售价的话，当然也要更便宜一点。众产品售价公布如下：</p><p>YOGA 4 Pro（YOGA 900）有I7处理器和I5处理器两版配置可选，售价8499元起；</p><p>YOGA 平板3 Pro，售价3499元；</p><p>八英寸YOGA 平板3，售价1999元起；</p><p>MIIX 4 售价5499元起。</p>', 'yoga-dui-biaosurface-neng-tou-ying-de-ping-ban-jiu-jing-zen-yang', '2', '1', '286243200', '1443476217', '1447097736', '18');
INSERT INTO `post` VALUES ('54', '1', '新能源电动汽车为何选用18650电池，包括特斯拉？', '18650其实是指电池的外形规格，是日本SONY公司当年为了节省成本而定下的一种标准电池型号，其中18表示直径为18mm，65表示长度为65mm，0表示为圆柱形电池。18650电池原指镍氢电池和锂离子电池，由于镍氢电池现在比较少用，所以现在多指锂离子电池。18650锂离子电池单节标称电压一般为3.6V 或3.7V；最小放电终止电压一般为2.5～2.75V。常见容量为1200～3300mAh。关于一...', '<p>18650其实是指电池的外形规格，是日本SONY公司当年为了节省成本而定下的一种标准电池型号，其中18表示直径为18mm，65表示长度为65mm，0表示为圆柱形电池。18650电池原指镍氢电池和锂离子电池，由于镍氢电池现在比较少用，所以现在多指锂离子电池。18650锂离子电池单节标称电压一般为3.6V 或3.7V；最小放电终止电压一般为2.5～2.75V。常见容量为1200～3300mAh。</p><ul><li><strong>关于一致性</strong></li></ul><p>18650电池是最早、最成熟、最稳定的锂离子电池，广泛应用在电子产品中。多年来，日本厂商在18650电池的生产工艺上积累了大量的经验，使得产出的18650电池的一致性、安全性都达到了非常高的水准。</p><p>相比之下，层叠式锂离子电池远远没有成熟，常见的有方形电池、软包电池，甚至连尺寸、大小、极耳位置等都不统一，电池厂商所具备的生产工艺也不能满足条件，大多数以人为控制为主，电池的一致性达不到18650电池的水准。如果电池的一致性达不到要求，大量电池串、并联形成的电池组的管理也将不能让每个电池的性能更好地发挥，而18650电芯可以解决这一问题。</p><p>总结来说，18650电池的单体容量小，所需的单体数量会很多(Model S有7104只)，但是一致性很好；层叠式电池的容量可以做得较大(20 Ah到60 Ah)，单体数量可以降低，但是一致性差。相比之下，现阶段很难投入大量的人力物力与电池供应商一起去改善层叠式电池的生产工艺。因此，在研发Roadster和Model S的时候，Tesla的唯一选择是从市场上去购买电池，自行开发电池系统。开发一套管理6000多节单体一致性很好的电池系统与开发一套200多节一致性很差的电池系统，相比之下，前者的技术难度应该更低一些。即使单体电池数目增多，但是如果这些电池的性能是可靠的，管理起来还是容易一些。</p><p>对比另一款很成功的纯电动汽车，日产的LEAF，它采用的是层叠式锂离子电池。这是因为日产与NEC合作多年，在<a target=\"_blank\" href=\"http://www.leiphone.com/news/201502/831rOFN2pXL7OjIp.html\" title=\"电池技术\">电池技术</a>方面积累很深厚，在品质控制方面有相当的功力。LEAF的电池来自AESC——日产与NEC的合资公司。</p><p>对比下美、日、中等不同地区的汽车厂商在开发电动汽车时与电池厂商的合纵连横是一件非常有意思的事情。</p><ul><li><strong>关于散热能力</strong></li></ul><p>层叠式电池的厚度薄、表面大，均热、散热能力都不错，因此日产LEAF很大胆地采用了被动式热管理系统(其实就是不管理！)，由空气的自然对流将热量带走。</p><p>从左到右，LEAF从单体，到四节单体电池两并两串组成的电池模块，再到由48个电池模块串联组成的电池组如下图所示：</p><p><img src=\"http://7te8bu.com1.z0.glb.clouddn.com/uploads/new/article/740_740/201511/56400813c1b92.jpg\" /></p><p>可以看到，电池组上没有任何的风扇、冷却液管道等热管理系统。大概这就是无招胜有招。</p><p>反过来看Tesla，18650电池的个头比较小，在正常充放电时单体电池内部的温差也不会太大。但是，6000多个单体电池的温差也应当保持在不超过5°C的范围内，这是一件非常困难的事情。但是，Tesla做到了。怎么做到的？Tesla 的电池管理系统 (BMS) 相比其他电动汽车有哪些优势？</p><p><img src=\"http://7te8bu.com1.z0.glb.clouddn.com/uploads/new/article/740_740/201511/564008285aac5.png\" /></p><p>如上图，这些管道是冷却液的流道，流道均匀分布在电池模组中间，能让每只电芯能很好地跟水管接触，这样每只电芯在冷却时带走的热量也几乎一样，温差也就可以有效地控制在很小的范围内。</p><p>总结来说，由于采用了小容量的18650电池，Tesla的热管理系统的复杂度是大大增加了的。也就是说，如果从散热能力方面考虑，使用小容量的18650电池不是最优选择。</p><ul><li><strong>关于能量密度</strong></li></ul><p>谈到能量密度，就必须区分单体电池的能量密度与电池组的能量密度。</p><p>就单体电池的能量密度来看，18650电池要高于层叠式锂离子电池。日产LEAF所用的33 Ah锂离子电池的能量密度是157 Wh/kg，GM Volt所用的层叠式电池的能量密度约为150 Wh/kg；而Roadster所用的18650电池的能量密度约为211 Wh/kg。但是，18650电池的管理系统更加复杂，由此额外增加的重量会使得电池组的能量密度远低于单体的能量密度。Roadster的电池组重量是450 kg，能量密度是118 Wh/kg，而LEAF电池组的重量是225 kg，能量密度是107 Wh/kg。在电池组层次，两者的能量密度已经不相上下。</p><ul><li><strong>关于安全性</strong></li></ul><p>前面提到层叠式锂离子电池的各种优点，但它也有一些缺点。由于层叠式锂离子电池一般是采用铝塑膜封装的，而铝塑膜的厚度薄，机械强度差，在汽车发生碰撞等极端情况下，铝塑膜很容易发生破损导致安全事故产生。这也就解释了为什么日产要在4个单体组成的电池模块外面再加一个铝壳。</p><p>18650电池一般是钢壳，安全性更好；而且前面也提到随着18650电池生产工艺水平的的不断提高，安全性也在不断提高。</p><p>Tesla在应对这些18650电池可能出现的安全事故上，也倾注了很多心血。如果一个单体电池出现温度过高等异常情况，根据异常情况的恶劣程度，这枚电池或其所在的模组会断电以防止事故的蔓延。由于单体容量小，只要不发生蔓延，事故的严重程度将是较低的。</p><ul><li><strong>关于成本</strong></li></ul><p>18650锂离子电池具有容量大、寿命长、安全性能高等特点，又因为体积小，重量轻，使用方便，深受消费者的青睐。随着人们对18650电池技术研究的不断加深，使得电池的一致性、安全性都达到了非常高的水准。作为最早的锂离子电池，18650电池也是目前世界上最成熟、最稳定的电池组合，至今仍然占据领先位置。我国每年生产18650电池约几十亿节，远远超出其他材料的电池。</p><p>而Tesla采用18650电池，就可以利用日本松下等厂商之前的生产线进行生产。在消费类电子产品所用18650电池竞争日趋激烈的情况下，松下等厂商与Tesla合作升级产品，将原有的生产线改良后用于生产动力电池。工业生产有一个规模效应，当生产产品的规模达到一个量级之后，成本会大大降低。一辆新能源汽车就需要成千上万节18650电池，因此单体的采购成本可控。</p><p><strong>小结</strong></p><p>可以说，采用18650电池作为新能源电动汽车的动力之源，在现阶段是最优的选择。随着电池技术工艺的成熟，同时也会出现更多新型的电池应用在新能源电动汽车上。</p>', 'xin-neng-yuan-dian-dong-qi-che-wei-he-xuan-yong18650dian-chi-bao-kuo-te-si-la', '1', '1', '29', '1443559926', '1447097707', '14');
INSERT INTO `post` VALUES ('56', '1', '朋友圈卖面膜的注意，国务院要来管了', '对于那些在朋友圈、微博以及空间等社交平台卖面膜、卖衣服或者其他产品的“个体户”，大家都见怪不怪。然而，这些商品被大量曝出存在质量问题，所以，“看不下去”的国务院要来整治一下。近日，据人民网的报道，《国务院办公厅关于加强互联网领域侵权假冒行为治理的意见》（以下简称“意见”）公开。根据《意见》，国务院计划用3年时间，遏制互联网侵权假冒行为，初步形成政府监管、行业自律、社会参与的监管格局。意见称，要加大...', '<p>对于那些在朋友圈、微博以及空间等社交平台卖面膜、卖衣服或者其他产品的“个体户”，大家都见怪不怪。然而，这些商品被大量曝出存在质量问题，所以，“看不下去”的国务院要来整治一下。</p><p><img src=\"http://7te8bu.com1.z0.glb.clouddn.com/uploads/new/article/740_740/201511/563f39a0b44e7.jpg\" /></p><p>近日，据<a href=\"http://politics.people.com.cn/n/2015/1107/c1001-27788910.html\" target=\"_self\">人民网</a>的报道，《国务院办公厅关于加强互联网领域侵权假冒行为治理的意见》（以下简称“意见”）公开。根据《意见》，国务院计划用3年时间，遏制互联网侵权假冒行为，初步形成政府监管、行业自律、社会参与的监管格局。</p><p>意见称，要加大对销售仿冒知名商标、涉外商标商品的查处力度，强化对网络（手机）文学、音乐、影视、游戏、动漫、软件及含有著作权的标准类作品等监测监管。</p><p>除了以上这些老生常谈的，这份意见还指出，查处的责任要落实到电子商务企业、网络服务商以及下游相关企业。简单地说，当消费者在某宝上买到伪劣产品，不仅仅商家要负责，连同某宝以及快递都可能需要承担责任。</p><p>另外，对于提供商品竞价排名搜索服务的网站，意见表示，应该提醒消费者搜索结果来自竞价排名，避免误导消费者。而对于那些利用微信、微博等社交网络平台销售侵权假冒商品等现象，政府正在研究相关监管和防范措施。所以，那些在朋友圈卖假面膜的商户要注意了，新政策可能会在不久后出台。</p>', 'peng-you-quan-mai-mian-mo-de-zhu-yi-guo-wu-yuan-yao-lai-guan-le', '5', '1', '0', '1445024355', '1447097662', '8');
INSERT INTO `post` VALUES ('57', '1', '【CSHE2015】首届寻找爆品总决赛成功落幕，渠道对接助推产业落地', '自谷歌32亿美元豪娶Nest以来，智慧家庭概念被迅速点燃，资本不断介入，市场掀起一股全民硬件、万众创新的创业热潮。而伴随2015年的到来，智能硬件产业链将逐渐成熟，量产爆品将取代早期的概念和原型产品，逐步实现快速普及。因此，对于羽翼渐丰的智能硬件者们而言，孵化、天使融资已难以满足他们的胃口，而是期待拓展更多渠道资源，让产品自身正向循环并盈利。深圳作为电子制造业的典型代表，凝聚了众多富有创新与想象力...', '<p>自谷歌32亿美元豪娶Nest以来，智慧家庭概念被迅速点燃，资本不断介入，市场掀起一股全民硬件、万众创新的创业热潮。而伴随2015年的到来，<a target=\"_blank\" href=\"http://www.leiphone.com/tag/%E6%99%BA%E8%83%BD%E7%A1%AC%E4%BB%B6\" title=\"智能硬件\">智能硬件</a>产业链将逐渐成熟，量产爆品将取代早期的概念和原型产品，逐步实现快速普及。因此，对于羽翼渐丰的智能硬件者们而言，孵化、天使融资已难以满足他们的胃口，而是期待拓展更多渠道资源，让产品自身正向循环并盈利。</p><p>深圳作为电子制造业的典型代表，凝聚了众多富有创新与想象力的年轻创业群体，以及散发出珍珠般光芒的硬件爆品。思锐达《智慧产品圈》敏感的抓住这一契机，自2014年底成功开启了“首届寻找爆品”活动，在过去长达六个月的时间内网罗近百款奇趣爆品，扎根深圳全面覆盖北上广深四地，为深圳优秀的智能硬件搭建宣传平台，实现渠道对接。活动自开办以来，荣获了政府机构网站、国内核心媒体及细分行业媒体争相报道，同时吸引了大量企业及高校关注。</p><p>作为首届中国智慧家庭博览会（CSHE2015）同期活动，寻找爆品总决赛于5月23日成功在深圳会展中心盛大开幕。本次活动有幸邀请到深圳核桃村智能科技有限公司董事长朱正宇、深圳市志成资本管理企业联合创始人冯玉麟、深圳市宝安区投资推广署代表、云智易总经理雷巧萍、云汉芯城产品总监程凯、苏宁<a target=\"_blank\" href=\"http://www.leiphone.com/tag/%E4%BC%97%E7%AD%B9\" title=\"众筹\">众筹</a>项目经理孙华霄、神州数码控股有限公司总经理杨楠、思锐达传媒总经理吴利民、深圳智慧家庭协会秘书长蔡锦江、智东西深圳区经理龙戈等10位大咖评委坐镇，决赛囊括嘉宾致辞、模特走秀、现场押宝、一站到底等多项精彩环节。</p><p><img src=\"http://7te8bu.com1.z0.glb.clouddn.com/uploads/new/article/600_600/201505/5562d7e3063cb.png\" /></p><p>深圳市思锐达传媒总经理吴利民、深圳市宝安区投资推广署代表、云智易总经理雷巧萍及云汉芯城产品总监程凯发表精彩致辞</p><p><img src=\"http://7te8bu.com1.z0.glb.clouddn.com/uploads/new/article/600_600/201505/5562d7efb880a.png\" /></p><p>模特携十强产品现场走秀</p><p>在总决赛“一站到底”环节中，十强产品Nibiru梦境3D游戏套装、智慧家庭空气卫士、LED炫彩蓝牙音箱、MABE智能3D移动影院、乐侍家庭安防套装、小猫智能家庭管家、onespace妙存私有云存储、华为荣耀立方、极客宝贝-智能嘘嘘扣以及iorange cup企业代表分别上台参与问答环节，最终LED炫彩蓝牙音箱、华为荣耀立方及极客宝贝-智能嘘嘘扣成功突围而出问鼎三甲（按顺序依次为冠亚季军），与各渠道代表于活动现场签署了战略合作协议。</p><p><img src=\"http://7te8bu.com1.z0.glb.clouddn.com/uploads/new/article/600_600/201505/5562d80d44ae9.png\" /></p><p>深圳市宝安区投资推广署、核桃村智能科技、神州数码、志成资本管理企业及云汉芯城与项目代表于现场签署了战略合作协议</p><p>《智慧产品圈》认为，根据本次决赛三强产品，我们可以看到几个明显的规律，第一，如智能嘘嘘扣这类深入聚焦到某个应用场景的刚需产品将备受瞩目。正如极客宝贝企业代表卢青所言，“虽然这只是一个很小的产品，但我们进入的是一个很大的行业，且对于母婴类产品，技术不是最关键的，重要的是能通过创新能力帮助实现刚需功能。”通过将智能嘘嘘扣粘贴在纸尿裤外表面，能够非常精准的察觉干湿情况，有效呵护宝宝身体安全。值得一提的是，这款产品的概念是极客宝贝原创的，市面上同类产品较少。</p><p>第二，诸如华为等知名企业拥有品牌实力作为坚实后盾，在产品外观、技术、硬件质量及体验上有很高的保障，且具备线上线下相结合的完善销售渠道。</p><p>第三，尽管对于智慧家庭产业而言，服务、生态的构建才是真正的价值所在点，但智能硬件最终是要做2C市场的，对于大众而言，智慧生态仍是陌生概念，因此在市场起量前期，用户会更青睐于外形美观、具有一定实用价值的产品，比如本次“寻找爆品”总决赛的冠军产品LED炫彩蓝牙音箱。</p><p>此外，几位大咖评委亦发表了自己的看法及观点。在技术支持上，云汉芯城将致力于打造电子行业一站式服务平台，为硬件研发提供快速、全面的器件选型服务及成熟方案；在云端层面，云智易平台将广泛对接各色硬件产品，帮助构建全新智慧生态；在渠道方面，苏宁众筹凭借便捷的线下体验模式，助推爆品产品落地，神州数码将更注重产品的原创性与差异性，同为渠道商的核桃村智能科技朱总则非常看好<a target=\"_blank\" href=\"http://www.leiphone.com/tag/%E8%99%9A%E6%8B%9F%E7%8E%B0%E5%AE%9E\" title=\"虚拟现实\">虚拟现实</a>产品，并称这类技术将在此后两年成为爆点。</p><p>在活动最后，《智慧产品圈》主编李文娟谈到，智能硬件是整个产业的发动机，这是因为对于智慧家庭而言，所有的商业模式仍不甚清晰，市场需通过将智能硬件真正带入用户群体，迈出健康发展的关键第一步。</p><p>同时李文娟指出，智能硬件产品的迭代非常快，自2014年11月活动伊始到今年5月份总决赛，很多产品事实上已经晋级到第二代，因此在明年的“第二届寻找爆品”活动中，智慧产品圈将采取季度模式，评选月冠军、年冠军，帮助大家找渠道、找产品，加速产业真正落地。</p><p><img src=\"http://7te8bu.com1.z0.glb.clouddn.com/uploads/new/article/600_600/201505/5562d81d5d5c0.png\" /></p><p>决赛现场思锐达传媒与电视之家网签署战略合作协议，立足于未来联手推动智慧家庭产业创新与发展</p>', 'cshe2015-shou-jie-xun-zhao-bao-pin-zong-jue-sai-cheng-gong-luo-mu-qu-dao-dui-jie-zhu-tui-chan-ye-luo-de', '1', '1', '0', '1445025266', '1447097625', '4');
INSERT INTO `post` VALUES ('58', '1', '以琴会友，COMUUU的重点不在琴而是社交', '诗者，志之所之也。在心为志，发言为诗。情动于中，而行于言。言之不足，故嗟叹之。嗟叹之不足，故永歌之。永歌之不足，不知手之舞之，足之蹈之也。\r\n情发于声，声成文谓之音。治世之音安以乐，其政和；乱世之音怨以怒，其政乖；亡国之音哀以思，其民困。故正得失，动天地，感鬼神，莫近于诗。', '<p>这是《毛诗大序》中的开头一段，意思也很简单，想必不用注释也都能看懂个十之八九，而也正是因为这段诗歌，COMUUU创始人唐朝文才决定要去做一款适合大众的钢琴，去打造一个属于人人的音乐社交平台。</p><h3>为什么要做音乐社交？</h3><p>对于一个创业项目来说，事关重要的就是初衷？对于一个非音乐专业出身的人来说，为何要去一个自己并不是十分熟悉的领域创业？</p><p>唐朝文并没有直接回答这个问题，而是念出了文章开头的这段诗。</p><p>接着说，音乐社交肯定是未来的一大趋势，但是为什么不不起来？第一个原因就是，很多人到现在还是感觉音乐是专业的东西，不适合所有人，其实并不是这样的。</p><p><img src=\"http://7te8bu.com1.z0.glb.clouddn.com/uploads/new/article/740_740/201511/56406509f15a9.jpg\" /></p><blockquote>“我们一直觉得唱歌、说话、写字，这些都是我们作为人来表达内心感触、传递信息的一种最原始的方式。但是这些东西却随着后来社会的发展，被高端化、被往上拉成了艺术。但其实它最开始只是一个人表达内心里面情感的一种方式而已。”<br /><br /></blockquote><p>音乐在工业社会里面，形成了一整套的商业模式。比如说录音，是有唱片公司跟录音公司来负责，还会有歌手，在歌手的后面会跟着专门包装歌手的经纪公司，随之也就有了演唱会等等商业活动。音乐的每一个环节都在工业社会里变成了一个非常成熟的商业产品，它跟消费者最原始的那种状态也彻底的分离了。</p><blockquote><strong>在心为志，发言为诗。情动于中，而行于言。言之不足，故嗟叹之。嗟叹之不足，故永歌之。永歌之不足，不知手之舞之，足之蹈之也。</strong><br /></blockquote><p>但是就其他的形式而言，比如说文字、画画，它们却在互联网时代中找到了适合它体现的状态重新回归本质。</p><p>文字，你不再需要去花几十天写一首诗歌或者写一篇很严肃的文章才能让所有人都知晓，有了互联网之后，比如说推特、微博甚至朋友圈，在这些平台上面，只想表达你此时此刻的心境，仅需的就是140个字就够了，真的不再需要一首诗来阐述，所以文章又回归到它原来最原生的状态。</p><p>摄影，上个世纪摄影也俨然成了一项很严肃的艺术，而如今只要你愿意，随便一拍，配上两行文字，就能完美的演绎出你此刻的所见所闻，所思所想。</p><p>在<a target=\"_blank\" href=\"http://www.leiphone.com/\" title=\"移动互联网\">移动互联网</a>的环境下，就连拍视频这种原本就高高在上的事情，也开始慢慢的融入大众生活，那么音乐在这样的社会形态下，也应该是要回归的。</p><blockquote>“一样东西要成为社会的东西，就必须是从一个个体的行为变成一种社会的行为。”<br /></blockquote><p>这是什么意思呢？唐朝文解释，音乐要回归就不能再是一个人的事情。需要把别人都拉进来，然后让所有人都来参与进来，才来有可能成为一种社会行为。第二个的话，艺术的东西要走进大众还是要跟商业去找平衡平衡点。你不得不放下一些所谓的东西？虽然有些东西是经过时间的积淀还值得人尊重，但是你必须改变，你要迎合大众。</p><p><img src=\"http://7te8bu.com1.z0.glb.clouddn.com/uploads/new/article/740_740/201511/5640650946db5.jpg\" /></p><h3>乐器行业是不是很难搞？<br /></h3><p>之所以会有这个问题，是因为此前有朋友刚组建团队做乐器类<a target=\"_blank\" href=\"http://www.leiphone.com/tag/%E6%99%BA%E8%83%BD%E7%A1%AC%E4%BB%B6\" title=\"智能硬件\">智能硬件</a>产品，但是焦头烂额的搞了很久也没什么动静，而幕影是不是也饱受过折腾？</p><blockquote>“半年前，我们整个团队都是这样，焦头烂额折腾的死。”<br /></blockquote><p>如果说智能硬件是个坑，那么电子乐器绝对就是深坑。乐器行业本身就是一个非常传统的行业，发展至今很多硬件本身已经没有什么大的困难。MIDI是一个非常成熟的技术，罗兰跟微软82年做起来的，乐器行业关于硬件本身已经有差不多40年的，基本上没有什么大的技术性问题。</p><p>唯一可能纯在的问题就是，当顶级音乐人在弹奏乐器时，尤其是键盘类的乐器比如说钢琴或电子琴时，会发现延时性问题。这个延时普通人其实是无法听出来的，但是顶尖的音乐家可以，他们能感受出来，哪怕是0.001毫秒的延时。</p><p>电子乐器的原理就是靠指令发声，硬件结构上是通过机械结构实现的，也就是说当一个按键被按下去之后，会产生一个相应的电信号，而这个信号需要通过电路传输出去，控制系统接收识别信号后才能发出相应的指令（音符、控制参数等指令）让扬声器等设备发声，这样就会产生一个时差。</p><p>很明显，这样一个过程对于普通人而言，基本上是感觉不出来的，但是罗兰的那些顶级工程师还有那些音乐人会追求这些。</p><p><img src=\"http://7te8bu.com1.z0.glb.clouddn.com/uploads/new/article/740_740/201511/56406507ecb3d.jpg\" /></p><p><strong>乐器跟手机连接的目的是什么？</strong></p><blockquote>“乐器跟网络的连接，全世界都处于一个摸索状态。”<br /></blockquote><p>之前，意大利有一家公司尝试过通过蓝牙以无线的方式来连接手机跟乐器，还有日本的一家公司也是通用的这种方法，但是结果却不尽人意，发现这里面有很大的局限性。首先蓝牙在全球范围存在各种版本，它是千变万化的，根本就没有一个统一的标准。另一个问题就在于它里面信号传输的过程，乐器跟手机相连手机，一般都是一个双向传播：手机到乐器，乐器到手机。</p><p>蓝牙传输如果仅是单向的话倒也没有什么问题的，但是双向传输特别是高频率的弹奏情况下，延时问题就相当明显。所以到目前为止，最优的解决方案还是线连。</p><p>那么回归主题，手机与乐器连上之后，能做什么？</p><p>这个就要看你的APP上面是怎么去设计它的功能。</p><p>美国有一家公司，在吉他的背壳上面挖了一个洞把手机卡进去，然后结合APP就做成了娱乐性的应用。还有的就是注重教学，结合APP弹乐器，会给你进行打分评级。另外还有像Smule这种专注于音乐社交的公司，通过一系列的app中虚拟化的乐器弹奏、K歌等功能，将用户联连起来并产生交互。</p><p>对于幕影来说，手机与钢琴相连接主要能实现两个功能。</p><p>第一个是能够传递两台钢琴的MIDI信号，实现通过WIFI网络让两台处于不同位置的钢琴同时发声。另外一个就是，手机获取的信号也能直接上传至云端，用户可以在APP端实时的分享出去。</p><p><img src=\"http://7te8bu.com1.z0.glb.clouddn.com/uploads/new/article/740_740/201511/5640650b83132.jpg\" /></p><p>如果两台钢琴还用通过WiFi来实现同步发声的话，那么势必会有延时问题，那么对此唐朝文的说法是，“我们研究了很多大的IM工具，分析他们的后台架构，服务器搭建，之后选择了一个最好的，现在的最终将两台钢琴之间可能存在的延时控制在30-40毫秒之间”，但这一测试数据只是在公司内测所得。</p><p>那么既然是做音乐社交，那么到底怎么样才能让每个人都参与进来呢？毕竟不是所有人都会弹琴的？所以你光做一个这样的琴是不够的，你还得管教。</p><blockquote>“乐器的线上培训是一个假概念。”<br /></blockquote><p>即便要教学也得拿到线下来教，唐朝文表示线下教学将会是他们未来着力发展的地方，不同于大众做法的是，他们将采用分享教学模式，让乐器不再属于某一个人，音乐是人人都能掌握的。</p><h3>乐器要不要本身发声？</h3><p>或许在很多乐器行业以外的人看来，这是个很扯的问题，但实际上并不是。<br /></p><blockquote>“我们最开始也讨论过这个问题，后来在上海征询过好几个乐队的意见，然后也找了一个美国的乐队问过，天天玩音乐的那种。甚至还找过一些完全业余的非专业音乐人问过，最后他们都觉得弹琴，最好的感觉就是乐器本身能够发声。”<br /></blockquote><h3>后记<br /></h3><p>唐朝文在决定要做的音乐社交平台就是一个硬件与软件的结合，底层依靠硬件来吸引用户，从打造一个小众消费市场开始，上层则是通过软件实现用户之间的互动，力图营造一个音乐社区，提高用户黏性。这种想法其实还是蛮OK的，但是想做UGC的社交平台，最容易出现的问题就是成为了其他社交平台的内容供给渠道。</p><p>当用户将自己演奏的音乐分享到微信朋友圈时怎么办？大腿虽粗，但好抱吗？音乐社交平台应该有自己独有的内容存在，而不应该让内容轻易留出，否则如何做自己的社交圈？但是，如果不开放内容渠道，怎么才能让更多的人进入这个平台？还有在这个平台里面，钢琴作为硬件是敲门砖是立足之本，但过于单一的乐器又如何保证用户群体？想要更多的乐器进来，又如何保证平台兼容性？这些都是还有好好考虑的问题。</p><p>音乐社交，你真的准备好了吗？</p>', 'yi-qin-hui-youcomuuu-de-zhong-dian-bu-zai-qin-er-shi-she-jiao', '2', '1', '1446850800', '1445028913', '1447097586', '63');
INSERT INTO `post` VALUES ('62', '1', '岁月永恒，情怀不古------ TS100迷你烙铁试用', '七零后出生的人具有成为极客的潜能，因为时代造就了这一批善于动手的人，就像当时的成年人，男人必须会打家具，女人必须会踩缝纫机一样，孩子们是必须会做玩具的。因此，我上小学之前的的玩具，大多是自制的。玩具枪是男孩子成长过程中必须要有的，首先，我和小伙伴们去挖窑泥（一种粘土，建筑工地上挖地基时可以找到），窑泥挖回来了，用点水边调和边揉，要举起了，使劲掼到水泥地上，那时候是比谁掼得响的。如此反复，窑泥就越来...', '<p>七零后出生的人具有成为极客的潜能，因为时代造就了这一批善于动手的人，就像当时的成年人，男人必须会打家具，女人必须会踩缝纫机一样，孩子们是必须会做玩具的。因此，我上小学之前的的玩具，大多是自制的。玩具枪是男孩子成长过程中必须要有的，首先，我和小伙伴们去挖窑泥（一种粘土，建筑工地上挖地基时可以找到），窑泥挖回来了，用点水边调和边揉，要举起了，使劲掼到水泥地上，那时候是比谁掼得响的。如此反复，窑泥就越来越结实了。之后，把它仔细捏成一块长方形的块状，大约2公分厚，在太阳下晒一会，等水汽稍干一点，就用小刀按照手枪的形状切出一个轮廓来——那时候，我们记忆中的手枪是统一的样子的，就是驳壳枪，电影上就是这么演的，八路军战士都用这种抢——然后就放到阴凉处，风干，大约3、4天后，就干得透了，然后用小刀细心的休整，把枪管修成圆的，扳机护圈也要掏出来，准心、照门一样也不能缺，甚至是枪柄上的斜纹。这时候就是和小伙伴们比赛谁做得更像真的了，再就是玩打战的游戏了，模仿着电影里的，闭着一只眼睛，把枪抬平，对着“敌人”做瞄准状，嘴里“呯”，“呯”的配着音，持枪的手还要随着“呯”的叫声抖一下，表示射出了一颗子弹…</p><p>小学时期就无比向往高年级的航模兴趣小组的学长、初中时期开始拆家中的收音机，第一个是熊猫B737袖珍晶体管收音机。后来，自己选择的电子技术为专业，一干就是20多年。电烙铁用过几十支，自从98年从上海中德师资培训中心进修带回了德国原装的ERSA恒温焊台后，就再也没有用过其它烙铁，好景不长，虽然和ERSA一齐带回的烙铁头有4个，且都是长寿命烙铁头，但这货毕竟是耗材，2012年，4个烙铁头都OVER了，重新从箱子底翻出了广州黄花的高洁牌烙铁，但就是没有ERSA的好用，没办法，咱在材料和工艺方面始终是不如人家，这是不争的事实。直到后来，电烙铁不再是和电路板、元器件有关联的工具了，至于在风景区看到有所谓的艺术家拿大功率烙铁在木板上烫出一幅一幅的画来还不算太离奇的话，在菜市场看到酱猪头的小贩们拿着电烙铁在猪皮的缝隙里烫猪毛的时候，我的三观彻底崩溃了…</p><p>因此，我们是有必要去寻找一只既好用又好看的电烙铁了，倭国的白光是不错的，而我们还停留来烙铁芯+烙铁头的内热式时候，白光就已经有了一体化的烙铁头了，加热部件和烙铁头合二为一了，这样效率就高了，这不能不说是电烙铁发展的一个创新。今天有雷锋网给我们带来的试用品就是这样的一种电烙铁。</p><p><a target=\"_blank\" href=\"http://7te8bu.com1.z0.glb.clouddn.com/uploads/new/report/pic/201510/5626dbfd03404.jpg?imageView2/2/w/755%7Cwatermark/1/image/aHR0cDovL3d3dy5sZWlwaG9uZS5jb20vd2F0ZXJtYXJrLnBuZw==/dissolve/100/gravity/SouthEast/dx/15/dy/11\"><img src=\"http://7te8bu.com1.z0.glb.clouddn.com/uploads/new/report/pic/201510/5626dbfd03404.jpg?imageView2/2/w/755%7Cwatermark/1/image/aHR0cDovL3d3dy5sZWlwaG9uZS5jb20vd2F0ZXJtYXJrLnBuZw==/dissolve/100/gravity/SouthEast/dx/15/dy/11\" alt=\"11\" /></a></p><p>电烙铁是电子行业和业余电子DIY中必不可少的工具，通常、电子元器件在PCB上固定就是使用电烙铁进行焊接的了，在焊接的时候，我们还需要准备两样小材料：焊锡丝和松香。电烙铁通过加热来融化焊锡丝，使焊锡和远期的引脚和PCB的铜箔浸润，当温度降低后就形成了电器连接接，松下是助焊剂，用于隔离空气中的氧气以防焊锡加速氧化，并是熔化后的焊锡具有更好的流动性。</p><p><a target=\"_blank\" href=\"http://7te8bu.com1.z0.glb.clouddn.com/uploads/new/report/pic/201510/5626dbfd65345.jpg?imageView2/2/w/755%7Cwatermark/1/image/aHR0cDovL3d3dy5sZWlwaG9uZS5jb20vd2F0ZXJtYXJrLnBuZw==/dissolve/100/gravity/SouthEast/dx/15/dy/11\"><img src=\"http://7te8bu.com1.z0.glb.clouddn.com/uploads/new/report/pic/201510/5626dbfd65345.jpg?imageView2/2/w/755%7Cwatermark/1/image/aHR0cDovL3d3dy5sZWlwaG9uZS5jb20vd2F0ZXJtYXJrLnBuZw==/dissolve/100/gravity/SouthEast/dx/15/dy/11\" alt=\"11\" /></a></p><p>以往电子DIY者手中，大致需要多把电烙铁的：焊接小元件大致采用的是20-30W的电烙铁，这个功率的电烙铁热量在300摄氏度以下，不容易使元器件过热而损坏；而在焊接大型的元件或是PCB覆铜面积较大的焊点的时候，小功率的电烙铁就不能胜任了，这时候需要50W左右的电烙铁，温度能达到450摄氏度左右。</p><p><a target=\"_blank\" href=\"http://7te8bu.com1.z0.glb.clouddn.com/uploads/new/report/pic/201510/5626dbfdcd560.jpg?imageView2/2/w/755%7Cwatermark/1/image/aHR0cDovL3d3dy5sZWlwaG9uZS5jb20vd2F0ZXJtYXJrLnBuZw==/dissolve/100/gravity/SouthEast/dx/15/dy/11\"><img src=\"http://7te8bu.com1.z0.glb.clouddn.com/uploads/new/report/pic/201510/5626dbfdcd560.jpg?imageView2/2/w/755%7Cwatermark/1/image/aHR0cDovL3d3dy5sZWlwaG9uZS5jb20vd2F0ZXJtYXJrLnBuZw==/dissolve/100/gravity/SouthEast/dx/15/dy/11\" alt=\"11\" /></a></p><p>当然，由雷锋网给我们提供的TS100迷你烙铁是可以调温的内热式数控电烙铁。我们在使用的时候就方便多了，TS100迷你烙铁采用低压供电，外接直流电源，相比用220V的传统电烙铁来说，由于漏电、感应电击穿焊接工件上的MOS管的机会就小多了，但为了安全起见，TS100迷你烙铁也设置了接地螺丝。</p><p>外置电源采用的是19V的电压，电源适配器能提供的最大电流是2.1A，这样估算下来，TS100迷你烙铁的功率在40W左右，不过，如果你想获得更高的功率，那么可以换用24V的电源。<br /></p><p><a target=\"_blank\" href=\"http://7te8bu.com1.z0.glb.clouddn.com/uploads/new/report/pic/201510/5626dbfe480f1.jpg?imageView2/2/w/755%7Cwatermark/1/image/aHR0cDovL3d3dy5sZWlwaG9uZS5jb20vd2F0ZXJtYXJrLnBuZw==/dissolve/100/gravity/SouthEast/dx/15/dy/11\"><img src=\"http://7te8bu.com1.z0.glb.clouddn.com/uploads/new/report/pic/201510/5626dbfe480f1.jpg?imageView2/2/w/755%7Cwatermark/1/image/aHR0cDovL3d3dy5sZWlwaG9uZS5jb20vd2F0ZXJtYXJrLnBuZw==/dissolve/100/gravity/SouthEast/dx/15/dy/11\" alt=\"11\" /></a></p><p>电源上有一个绿色的指示灯，不过，以往使用电烙铁这东西，我习惯拿来凑到嘴边感受一下温度到达到没有，最记得的是二十多年前，我这么试温度的时候，旁边的损友顺势托住我的手往上一送，顿时，我的嘴唇一缕青烟冒起……</p><p><a target=\"_blank\" href=\"http://7te8bu.com1.z0.glb.clouddn.com/uploads/new/report/pic/201510/5626dbfeb223e.jpg?imageView2/2/w/755%7Cwatermark/1/image/aHR0cDovL3d3dy5sZWlwaG9uZS5jb20vd2F0ZXJtYXJrLnBuZw==/dissolve/100/gravity/SouthEast/dx/15/dy/11\"><img src=\"http://7te8bu.com1.z0.glb.clouddn.com/uploads/new/report/pic/201510/5626dbfeb223e.jpg?imageView2/2/w/755%7Cwatermark/1/image/aHR0cDovL3d3dy5sZWlwaG9uZS5jb20vd2F0ZXJtYXJrLnBuZw==/dissolve/100/gravity/SouthEast/dx/15/dy/11\" alt=\"11\" /></a></p><p>TS100迷你烙铁主题部分是在这个小盒子里的。打开盒子，首先看到的是说明书。</p><p><a target=\"_blank\" href=\"http://7te8bu.com1.z0.glb.clouddn.com/uploads/new/report/pic/201510/5626dbff31bda.jpg?imageView2/2/w/755%7Cwatermark/1/image/aHR0cDovL3d3dy5sZWlwaG9uZS5jb20vd2F0ZXJtYXJrLnBuZw==/dissolve/100/gravity/SouthEast/dx/15/dy/11\"><img src=\"http://7te8bu.com1.z0.glb.clouddn.com/uploads/new/report/pic/201510/5626dbff31bda.jpg?imageView2/2/w/755%7Cwatermark/1/image/aHR0cDovL3d3dy5sZWlwaG9uZS5jb20vd2F0ZXJtYXJrLnBuZw==/dissolve/100/gravity/SouthEast/dx/15/dy/11\" alt=\"11\" /></a></p><p>小塑料袋里有内六角扳手和两个备用螺丝，烙铁头和手柄是分离的。</p><p><a target=\"_blank\" href=\"http://7te8bu.com1.z0.glb.clouddn.com/uploads/new/report/pic/201510/5626dc00012ab.jpg?imageView2/2/w/755%7Cwatermark/1/image/aHR0cDovL3d3dy5sZWlwaG9uZS5jb20vd2F0ZXJtYXJrLnBuZw==/dissolve/100/gravity/SouthEast/dx/15/dy/11\"><img src=\"http://7te8bu.com1.z0.glb.clouddn.com/uploads/new/report/pic/201510/5626dc00012ab.jpg?imageView2/2/w/755%7Cwatermark/1/image/aHR0cDovL3d3dy5sZWlwaG9uZS5jb20vd2F0ZXJtYXJrLnBuZw==/dissolve/100/gravity/SouthEast/dx/15/dy/11\" alt=\"11\" /></a></p><p>烙铁头采用一体式设计，发热体就在烙铁头内部，用过白光的人应该清楚这种设计最大的好处就是效率高，热量传导充分，升温迅速，缺点就是烙铁头损耗的时候更换比一般的烙铁头花费要大一些。<br /></p><p><a target=\"_blank\" href=\"http://7te8bu.com1.z0.glb.clouddn.com/uploads/new/report/pic/201510/5626dc00a826e.jpg?imageView2/2/w/755%7Cwatermark/1/image/aHR0cDovL3d3dy5sZWlwaG9uZS5jb20vd2F0ZXJtYXJrLnBuZw==/dissolve/100/gravity/SouthEast/dx/15/dy/11\"><img src=\"http://7te8bu.com1.z0.glb.clouddn.com/uploads/new/report/pic/201510/5626dc00a826e.jpg?imageView2/2/w/755%7Cwatermark/1/image/aHR0cDovL3d3dy5sZWlwaG9uZS5jb20vd2F0ZXJtYXJrLnBuZw==/dissolve/100/gravity/SouthEast/dx/15/dy/11\" alt=\"11\" /></a></p><p>这是烙铁头，尖头款式，通常我们使用的烙铁头有尖头、刀头、马蹄等，我个人还是习惯用尖头的。烙铁头的型号是TS-B2.烙铁头表面已经预处理过了，吃锡很方便，表面镀层能有效增加烙铁头的寿命。后部的两个银色的环就是烙铁头的电源触点，控制器装在手柄内部，根据烙铁头内温度传感器来获得温度参数，控制电路驱动MOS管驱动发热元件。</p><p><a target=\"_blank\" href=\"http://7te8bu.com1.z0.glb.clouddn.com/uploads/new/report/pic/201510/5626dc0122f0c.jpg?imageView2/2/w/755%7Cwatermark/1/image/aHR0cDovL3d3dy5sZWlwaG9uZS5jb20vd2F0ZXJtYXJrLnBuZw==/dissolve/100/gravity/SouthEast/dx/15/dy/11\"><img src=\"http://7te8bu.com1.z0.glb.clouddn.com/uploads/new/report/pic/201510/5626dc0122f0c.jpg?imageView2/2/w/755%7Cwatermark/1/image/aHR0cDovL3d3dy5sZWlwaG9uZS5jb20vd2F0ZXJtYXJrLnBuZw==/dissolve/100/gravity/SouthEast/dx/15/dy/11\" alt=\"11\" /></a></p><p><a target=\"_blank\" href=\"http://7te8bu.com1.z0.glb.clouddn.com/uploads/new/report/pic/201510/5626dc01c9177.jpg?imageView2/2/w/755%7Cwatermark/1/image/aHR0cDovL3d3dy5sZWlwaG9uZS5jb20vd2F0ZXJtYXJrLnBuZw==/dissolve/100/gravity/SouthEast/dx/15/dy/11\"><img src=\"http://7te8bu.com1.z0.glb.clouddn.com/uploads/new/report/pic/201510/5626dc01c9177.jpg?imageView2/2/w/755%7Cwatermark/1/image/aHR0cDovL3d3dy5sZWlwaG9uZS5jb20vd2F0ZXJtYXJrLnBuZw==/dissolve/100/gravity/SouthEast/dx/15/dy/11\" alt=\"11\" /></a></p><p>两个螺丝暂时用不到，可以收起来，如果以后更换烙铁头，螺丝遗失的话，就可以取出来用了。</p><p><a target=\"_blank\" href=\"http://7te8bu.com1.z0.glb.clouddn.com/uploads/new/report/pic/201510/5626dc02715c7.jpg?imageView2/2/w/755%7Cwatermark/1/image/aHR0cDovL3d3dy5sZWlwaG9uZS5jb20vd2F0ZXJtYXJrLnBuZw==/dissolve/100/gravity/SouthEast/dx/15/dy/11\"><img src=\"http://7te8bu.com1.z0.glb.clouddn.com/uploads/new/report/pic/201510/5626dc02715c7.jpg?imageView2/2/w/755%7Cwatermark/1/image/aHR0cDovL3d3dy5sZWlwaG9uZS5jb20vd2F0ZXJtYXJrLnBuZw==/dissolve/100/gravity/SouthEast/dx/15/dy/11\" alt=\"11\" /></a></p><p>控制器尾部是TS100迷你烙铁的LOGO，端面上的两个接口一个是电源插口，一个是MicroUSB插座，用于升级控制器固件的接口。</p><p><a target=\"_blank\" href=\"http://7te8bu.com1.z0.glb.clouddn.com/uploads/new/report/pic/201510/5626dc02c6dbc.jpg?imageView2/2/w/755%7Cwatermark/1/image/aHR0cDovL3d3dy5sZWlwaG9uZS5jb20vd2F0ZXJtYXJrLnBuZw==/dissolve/100/gravity/SouthEast/dx/15/dy/11\"><img src=\"http://7te8bu.com1.z0.glb.clouddn.com/uploads/new/report/pic/201510/5626dc02c6dbc.jpg?imageView2/2/w/755%7Cwatermark/1/image/aHR0cDovL3d3dy5sZWlwaG9uZS5jb20vd2F0ZXJtYXJrLnBuZw==/dissolve/100/gravity/SouthEast/dx/15/dy/11\" alt=\"11\" /></a></p><p>电源接口采用5mm的空心电源插孔，中心正极，如有需要更高电压的，可以自行换用24V的直流电源，不过输出电流要保证能达到2A以上。</p><p><a target=\"_blank\" href=\"http://7te8bu.com1.z0.glb.clouddn.com/uploads/new/report/pic/201510/5626dc0322229.jpg?imageView2/2/w/755%7Cwatermark/1/image/aHR0cDovL3d3dy5sZWlwaG9uZS5jb20vd2F0ZXJtYXJrLnBuZw==/dissolve/100/gravity/SouthEast/dx/15/dy/11\"><img src=\"http://7te8bu.com1.z0.glb.clouddn.com/uploads/new/report/pic/201510/5626dc0322229.jpg?imageView2/2/w/755%7Cwatermark/1/image/aHR0cDovL3d3dy5sZWlwaG9uZS5jb20vd2F0ZXJtYXJrLnBuZw==/dissolve/100/gravity/SouthEast/dx/15/dy/11\" alt=\"11\" /></a></p><p>在手柄侧面是电源参数，12-24V，正面有OLED显示屏和两个按钮。</p><p><a target=\"_blank\" href=\"http://7te8bu.com1.z0.glb.clouddn.com/uploads/new/report/pic/201510/5626dc0398727.jpg?imageView2/2/w/755%7Cwatermark/1/image/aHR0cDovL3d3dy5sZWlwaG9uZS5jb20vd2F0ZXJtYXJrLnBuZw==/dissolve/100/gravity/SouthEast/dx/15/dy/11\"><img src=\"http://7te8bu.com1.z0.glb.clouddn.com/uploads/new/report/pic/201510/5626dc0398727.jpg?imageView2/2/w/755%7Cwatermark/1/image/aHR0cDovL3d3dy5sZWlwaG9uZS5jb20vd2F0ZXJtYXJrLnBuZw==/dissolve/100/gravity/SouthEast/dx/15/dy/11\" alt=\"11\" /></a></p><p>现在我们把烙铁头插入到控制器中。</p><p><a target=\"_blank\" href=\"http://7te8bu.com1.z0.glb.clouddn.com/uploads/new/report/pic/201510/5626dc04146ed.jpg?imageView2/2/w/755%7Cwatermark/1/image/aHR0cDovL3d3dy5sZWlwaG9uZS5jb20vd2F0ZXJtYXJrLnBuZw==/dissolve/100/gravity/SouthEast/dx/15/dy/11\"><img src=\"http://7te8bu.com1.z0.glb.clouddn.com/uploads/new/report/pic/201510/5626dc04146ed.jpg?imageView2/2/w/755%7Cwatermark/1/image/aHR0cDovL3d3dy5sZWlwaG9uZS5jb20vd2F0ZXJtYXJrLnBuZw==/dissolve/100/gravity/SouthEast/dx/15/dy/11\" alt=\"11\" /></a></p><p>要插到位，保证烙铁头的电源触点和控制器内部的触点接触到位。</p><p><a target=\"_blank\" href=\"http://7te8bu.com1.z0.glb.clouddn.com/uploads/new/report/pic/201510/5626dc048ec72.jpg?imageView2/2/w/755%7Cwatermark/1/image/aHR0cDovL3d3dy5sZWlwaG9uZS5jb20vd2F0ZXJtYXJrLnBuZw==/dissolve/100/gravity/SouthEast/dx/15/dy/11\"><img src=\"http://7te8bu.com1.z0.glb.clouddn.com/uploads/new/report/pic/201510/5626dc048ec72.jpg?imageView2/2/w/755%7Cwatermark/1/image/aHR0cDovL3d3dy5sZWlwaG9uZS5jb20vd2F0ZXJtYXJrLnBuZw==/dissolve/100/gravity/SouthEast/dx/15/dy/11\" alt=\"11\" /></a></p><p>插到底后，用内六角扳手上紧螺丝，烙铁头就固定住了。</p><p><a target=\"_blank\" href=\"http://7te8bu.com1.z0.glb.clouddn.com/uploads/new/report/pic/201510/5626dc0510d47.jpg?imageView2/2/w/755%7Cwatermark/1/image/aHR0cDovL3d3dy5sZWlwaG9uZS5jb20vd2F0ZXJtYXJrLnBuZw==/dissolve/100/gravity/SouthEast/dx/15/dy/11\"><img src=\"http://7te8bu.com1.z0.glb.clouddn.com/uploads/new/report/pic/201510/5626dc0510d47.jpg?imageView2/2/w/755%7Cwatermark/1/image/aHR0cDovL3d3dy5sZWlwaG9uZS5jb20vd2F0ZXJtYXJrLnBuZw==/dissolve/100/gravity/SouthEast/dx/15/dy/11\" alt=\"11\" /></a></p><p>现在所需要的就是接通电源了。</p><p><a target=\"_blank\" href=\"http://7te8bu.com1.z0.glb.clouddn.com/uploads/new/report/pic/201510/5626dc05b452c.jpg?imageView2/2/w/755%7Cwatermark/1/image/aHR0cDovL3d3dy5sZWlwaG9uZS5jb20vd2F0ZXJtYXJrLnBuZw==/dissolve/100/gravity/SouthEast/dx/15/dy/11\"><img src=\"http://7te8bu.com1.z0.glb.clouddn.com/uploads/new/report/pic/201510/5626dc05b452c.jpg?imageView2/2/w/755%7Cwatermark/1/image/aHR0cDovL3d3dy5sZWlwaG9uZS5jb20vd2F0ZXJtYXJrLnBuZw==/dissolve/100/gravity/SouthEast/dx/15/dy/11\" alt=\"11\" /></a></p><p>当然，在使用之前，我们先来说说TS100迷你烙铁的印象，首先，TS100迷你烙铁和我手边的电烙铁相比，要袖珍得多，这在外出的时候比较方便，但我更以为这个烙铁是理工男凸显情怀的一个道具：这里先不说实用性，TS100迷你烙铁的的外形更像一件精致的手术器械而使用它的人也不是弄得一身灰尘，两手黑烟，眼镜偏上溅上凝固松香点的维修工的模样，相信维修工CRT电视机或显示器的人都不会忘记机壳内那极致细腻的黑灰吧？</p><p><a target=\"_blank\" href=\"http://7te8bu.com1.z0.glb.clouddn.com/uploads/new/report/pic/201510/5626dcbc3d29c.jpg?imageView2/2/w/755%7Cwatermark/1/image/aHR0cDovL3d3dy5sZWlwaG9uZS5jb20vd2F0ZXJtYXJrLnBuZw==/dissolve/100/gravity/SouthEast/dx/15/dy/11\"><img src=\"http://7te8bu.com1.z0.glb.clouddn.com/uploads/new/report/pic/201510/5626dcbc3d29c.jpg?imageView2/2/w/755%7Cwatermark/1/image/aHR0cDovL3d3dy5sZWlwaG9uZS5jb20vd2F0ZXJtYXJrLnBuZw==/dissolve/100/gravity/SouthEast/dx/15/dy/11\" alt=\"11\" /></a></p><p><a target=\"_blank\" href=\"http://7te8bu.com1.z0.glb.clouddn.com/uploads/new/report/pic/201510/5626dcbc8cb0d.jpg?imageView2/2/w/755%7Cwatermark/1/image/aHR0cDovL3d3dy5sZWlwaG9uZS5jb20vd2F0ZXJtYXJrLnBuZw==/dissolve/100/gravity/SouthEast/dx/15/dy/11\"><img src=\"http://7te8bu.com1.z0.glb.clouddn.com/uploads/new/report/pic/201510/5626dcbc8cb0d.jpg?imageView2/2/w/755%7Cwatermark/1/image/aHR0cDovL3d3dy5sZWlwaG9uZS5jb20vd2F0ZXJtYXJrLnBuZw==/dissolve/100/gravity/SouthEast/dx/15/dy/11\" alt=\"11\" /></a></p><p><a target=\"_blank\" href=\"http://7te8bu.com1.z0.glb.clouddn.com/uploads/new/report/pic/201510/5626dcbd18bb2.jpg?imageView2/2/w/755%7Cwatermark/1/image/aHR0cDovL3d3dy5sZWlwaG9uZS5jb20vd2F0ZXJtYXJrLnBuZw==/dissolve/100/gravity/SouthEast/dx/15/dy/11\"><img src=\"http://7te8bu.com1.z0.glb.clouddn.com/uploads/new/report/pic/201510/5626dcbd18bb2.jpg?imageView2/2/w/755%7Cwatermark/1/image/aHR0cDovL3d3dy5sZWlwaG9uZS5jb20vd2F0ZXJtYXJrLnBuZw==/dissolve/100/gravity/SouthEast/dx/15/dy/11\" alt=\"11\" /></a></p><p>说到带出去维修，我通常是用红色和黄色的这两把电烙铁，红色的是外热式，黄色的是内热式，特别是红色的，作为外出工具，已经跟随我20多年了。烙铁头都换了几十个了。</p><p><a target=\"_blank\" href=\"http://7te8bu.com1.z0.glb.clouddn.com/uploads/new/report/pic/201510/5626dcbd7e581.jpg?imageView2/2/w/755%7Cwatermark/1/image/aHR0cDovL3d3dy5sZWlwaG9uZS5jb20vd2F0ZXJtYXJrLnBuZw==/dissolve/100/gravity/SouthEast/dx/15/dy/11\"><img src=\"http://7te8bu.com1.z0.glb.clouddn.com/uploads/new/report/pic/201510/5626dcbd7e581.jpg?imageView2/2/w/755%7Cwatermark/1/image/aHR0cDovL3d3dy5sZWlwaG9uZS5jb20vd2F0ZXJtYXJrLnBuZw==/dissolve/100/gravity/SouthEast/dx/15/dy/11\" alt=\"11\" /></a></p><p>如果在自己的工作室里维修，我会用这把ERSA电烙铁，这是98年从德国购进的烙铁，非常好用，只是国内很难买到配套的烙铁头，如果工件再大一些，我会用这把木柄的电烙铁，70W的，当然，少不了黑色的这个热风枪。</p><p><a target=\"_blank\" href=\"http://7te8bu.com1.z0.glb.clouddn.com/uploads/new/report/pic/201510/5626dcbde470a.jpg?imageView2/2/w/755%7Cwatermark/1/image/aHR0cDovL3d3dy5sZWlwaG9uZS5jb20vd2F0ZXJtYXJrLnBuZw==/dissolve/100/gravity/SouthEast/dx/15/dy/11\"><img src=\"http://7te8bu.com1.z0.glb.clouddn.com/uploads/new/report/pic/201510/5626dcbde470a.jpg?imageView2/2/w/755%7Cwatermark/1/image/aHR0cDovL3d3dy5sZWlwaG9uZS5jb20vd2F0ZXJtYXJrLnBuZw==/dissolve/100/gravity/SouthEast/dx/15/dy/11\" alt=\"11\" /></a></p><p>TS100迷你烙铁和我精致的小工具相比，大不了多少，如果控制器能有多种颜色可选的就好了。</p><p><a target=\"_blank\" href=\"http://7te8bu.com1.z0.glb.clouddn.com/uploads/new/report/pic/201510/5626dcbe4cfe4.jpg?imageView2/2/w/755%7Cwatermark/1/image/aHR0cDovL3d3dy5sZWlwaG9uZS5jb20vd2F0ZXJtYXJrLnBuZw==/dissolve/100/gravity/SouthEast/dx/15/dy/11\"><img src=\"http://7te8bu.com1.z0.glb.clouddn.com/uploads/new/report/pic/201510/5626dcbe4cfe4.jpg?imageView2/2/w/755%7Cwatermark/1/image/aHR0cDovL3d3dy5sZWlwaG9uZS5jb20vd2F0ZXJtYXJrLnBuZw==/dissolve/100/gravity/SouthEast/dx/15/dy/11\" alt=\"11\" /></a></p><p>接通电源后，OLED显示屏短暂显示LOGO。然后显示固件版本号，接着提示按键启动电烙铁。按动按键后我们就看屏幕显示烙铁正在升温，并实时显示温度。</p><p><a target=\"_blank\" href=\"http://7te8bu.com1.z0.glb.clouddn.com/uploads/new/report/pic/201510/5626dcbeb20a9.jpg?imageView2/2/w/755%7Cwatermark/1/image/aHR0cDovL3d3dy5sZWlwaG9uZS5jb20vd2F0ZXJtYXJrLnBuZw==/dissolve/100/gravity/SouthEast/dx/15/dy/11\"><img src=\"http://7te8bu.com1.z0.glb.clouddn.com/uploads/new/report/pic/201510/5626dcbeb20a9.jpg?imageView2/2/w/755%7Cwatermark/1/image/aHR0cDovL3d3dy5sZWlwaG9uZS5jb20vd2F0ZXJtYXJrLnBuZw==/dissolve/100/gravity/SouthEast/dx/15/dy/11\" alt=\"11\" /></a></p><p>几秒钟后，TS100迷你烙铁温度显示在300摄氏度，图标也变为恒温标志了。</p><p><a target=\"_blank\" href=\"http://7te8bu.com1.z0.glb.clouddn.com/uploads/new/report/pic/201510/5626dcbf2c24e.jpg?imageView2/2/w/755%7Cwatermark/1/image/aHR0cDovL3d3dy5sZWlwaG9uZS5jb20vd2F0ZXJtYXJrLnBuZw==/dissolve/100/gravity/SouthEast/dx/15/dy/11\"><img src=\"http://7te8bu.com1.z0.glb.clouddn.com/uploads/new/report/pic/201510/5626dcbf2c24e.jpg?imageView2/2/w/755%7Cwatermark/1/image/aHR0cDovL3d3dy5sZWlwaG9uZS5jb20vd2F0ZXJtYXJrLnBuZw==/dissolve/100/gravity/SouthEast/dx/15/dy/11\" alt=\"11\" /></a></p><p>这样，放到烙铁架上，就可以准备焊接了，内部的控制器会把温度恒定在300摄氏度。</p><p><a target=\"_blank\" href=\"http://7te8bu.com1.z0.glb.clouddn.com/uploads/new/report/pic/201510/5626dcbfce73c.jpg?imageView2/2/w/755%7Cwatermark/1/image/aHR0cDovL3d3dy5sZWlwaG9uZS5jb20vd2F0ZXJtYXJrLnBuZw==/dissolve/100/gravity/SouthEast/dx/15/dy/11\"><img src=\"http://7te8bu.com1.z0.glb.clouddn.com/uploads/new/report/pic/201510/5626dcbfce73c.jpg?imageView2/2/w/755%7Cwatermark/1/image/aHR0cDovL3d3dy5sZWlwaG9uZS5jb20vd2F0ZXJtYXJrLnBuZw==/dissolve/100/gravity/SouthEast/dx/15/dy/11\" alt=\"11\" /></a></p><p>当然如果你需要更高的温度，可以设置，长按按键A进入设置状态，然后按动两个按钮设置温度，在使用19V的电源下，设置的范围是100——400摄氏度。</p><p><a target=\"_blank\" href=\"http://7te8bu.com1.z0.glb.clouddn.com/uploads/new/report/pic/201510/5626dcc08f920.jpg?imageView2/2/w/755%7Cwatermark/1/image/aHR0cDovL3d3dy5sZWlwaG9uZS5jb20vd2F0ZXJtYXJrLnBuZw==/dissolve/100/gravity/SouthEast/dx/15/dy/11\"><img src=\"http://7te8bu.com1.z0.glb.clouddn.com/uploads/new/report/pic/201510/5626dcc08f920.jpg?imageView2/2/w/755%7Cwatermark/1/image/aHR0cDovL3d3dy5sZWlwaG9uZS5jb20vd2F0ZXJtYXJrLnBuZw==/dissolve/100/gravity/SouthEast/dx/15/dy/11\" alt=\"11\" /></a></p><p>在焊接一般的元器件的时候温度在300摄氏度左右就可以了，因为，普通的焊锡丝，我们通常使用的含铅焊锡丝，熔点为183-256之间，无铅焊锡丝熔点要低一些，最低的120摄氏度就能熔化了。如果温度过高，则会加速焊锡氧化并把大量热传导到元器件上；如果温度过低，则焊锡流动性不佳，这两种情况都会产生虚焊。</p><p><a target=\"_blank\" href=\"http://7te8bu.com1.z0.glb.clouddn.com/uploads/new/report/pic/201510/5626dcc1370c4.jpg?imageView2/2/w/755%7Cwatermark/1/image/aHR0cDovL3d3dy5sZWlwaG9uZS5jb20vd2F0ZXJtYXJrLnBuZw==/dissolve/100/gravity/SouthEast/dx/15/dy/11\"><img src=\"http://7te8bu.com1.z0.glb.clouddn.com/uploads/new/report/pic/201510/5626dcc1370c4.jpg?imageView2/2/w/755%7Cwatermark/1/image/aHR0cDovL3d3dy5sZWlwaG9uZS5jb20vd2F0ZXJtYXJrLnBuZw==/dissolve/100/gravity/SouthEast/dx/15/dy/11\" alt=\"11\" /></a></p><p>在恒温烙铁出现之前，我们都是凭经验来通断烙铁的电源，因为长时间使烙铁升温过高，则会加速烙铁头的消耗。</p><p><a target=\"_blank\" href=\"http://7te8bu.com1.z0.glb.clouddn.com/uploads/new/report/pic/201510/5626dcc20a655.jpg?imageView2/2/w/755%7Cwatermark/1/image/aHR0cDovL3d3dy5sZWlwaG9uZS5jb20vd2F0ZXJtYXJrLnBuZw==/dissolve/100/gravity/SouthEast/dx/15/dy/11\"><img src=\"http://7te8bu.com1.z0.glb.clouddn.com/uploads/new/report/pic/201510/5626dcc20a655.jpg?imageView2/2/w/755%7Cwatermark/1/image/aHR0cDovL3d3dy5sZWlwaG9uZS5jb20vd2F0ZXJtYXJrLnBuZw==/dissolve/100/gravity/SouthEast/dx/15/dy/11\" alt=\"11\" /></a></p><p>要说TS100迷你烙铁最大的好处，那就是控制比较方便，不像我们平时使用的恒温焊台，需要到控制器上去调整，在手柄上就可以方便地调整了。</p><p><a target=\"_blank\" href=\"http://7te8bu.com1.z0.glb.clouddn.com/uploads/new/report/pic/201510/5626dcc314e52.jpg?imageView2/2/w/755%7Cwatermark/1/image/aHR0cDovL3d3dy5sZWlwaG9uZS5jb20vd2F0ZXJtYXJrLnBuZw==/dissolve/100/gravity/SouthEast/dx/15/dy/11\"><img src=\"http://7te8bu.com1.z0.glb.clouddn.com/uploads/new/report/pic/201510/5626dcc314e52.jpg?imageView2/2/w/755%7Cwatermark/1/image/aHR0cDovL3d3dy5sZWlwaG9uZS5jb20vd2F0ZXJtYXJrLnBuZw==/dissolve/100/gravity/SouthEast/dx/15/dy/11\" alt=\"11\" /></a></p><p>这就是ERSA 80W的恒温焊台，从98年就一直用到现在。</p><p><a target=\"_blank\" href=\"http://7te8bu.com1.z0.glb.clouddn.com/uploads/new/report/pic/201510/5626dcc39a5db.jpg?imageView2/2/w/755%7Cwatermark/1/image/aHR0cDovL3d3dy5sZWlwaG9uZS5jb20vd2F0ZXJtYXJrLnBuZw==/dissolve/100/gravity/SouthEast/dx/15/dy/11\"><img src=\"http://7te8bu.com1.z0.glb.clouddn.com/uploads/new/report/pic/201510/5626dcc39a5db.jpg?imageView2/2/w/755%7Cwatermark/1/image/aHR0cDovL3d3dy5sZWlwaG9uZS5jb20vd2F0ZXJtYXJrLnBuZw==/dissolve/100/gravity/SouthEast/dx/15/dy/11\" alt=\"11\" /></a></p><p>今天，我的工具包里又多了TS100迷你烙铁。</p><p><a target=\"_blank\" href=\"http://7te8bu.com1.z0.glb.clouddn.com/uploads/new/report/pic/201510/5626dcc422b43.jpg?imageView2/2/w/755%7Cwatermark/1/image/aHR0cDovL3d3dy5sZWlwaG9uZS5jb20vd2F0ZXJtYXJrLnBuZw==/dissolve/100/gravity/SouthEast/dx/15/dy/11\"><img src=\"http://7te8bu.com1.z0.glb.clouddn.com/uploads/new/report/pic/201510/5626dcc422b43.jpg?imageView2/2/w/755%7Cwatermark/1/image/aHR0cDovL3d3dy5sZWlwaG9uZS5jb20vd2F0ZXJtYXJrLnBuZw==/dissolve/100/gravity/SouthEast/dx/15/dy/11\" alt=\"11\" /></a><br /></p><p>ERSA的手柄比TS100要大得多了。</p><p><a target=\"_blank\" href=\"http://7te8bu.com1.z0.glb.clouddn.com/uploads/new/report/pic/201510/5626dcc49d80c.jpg?imageView2/2/w/755%7Cwatermark/1/image/aHR0cDovL3d3dy5sZWlwaG9uZS5jb20vd2F0ZXJtYXJrLnBuZw==/dissolve/100/gravity/SouthEast/dx/15/dy/11\"><img src=\"http://7te8bu.com1.z0.glb.clouddn.com/uploads/new/report/pic/201510/5626dcc49d80c.jpg?imageView2/2/w/755%7Cwatermark/1/image/aHR0cDovL3d3dy5sZWlwaG9uZS5jb20vd2F0ZXJtYXJrLnBuZw==/dissolve/100/gravity/SouthEast/dx/15/dy/11\" alt=\"11\" /></a></p><p>现在我们来用一用，由于TS100迷你烙铁很轻巧，拿在手上感觉到电源线是个束缚，如果能换用更加柔软的电源线，相信体验会更好，另外，电源线是采用PVC绝缘外皮的，我们早年间的烙铁电源线采用的是叫“花线”的一种电源线，这种电源线外部包裹一层耐高温的织物，如果不小心，导线碰到烙铁头上，也不会烫坏导线绝缘皮。因此，我觉得，配用TS100迷你烙铁的电源线，可以再精致一些。</p><p><a target=\"_blank\" href=\"http://7te8bu.com1.z0.glb.clouddn.com/uploads/new/report/pic/201510/5626dcc57a586.jpg?imageView2/2/w/755%7Cwatermark/1/image/aHR0cDovL3d3dy5sZWlwaG9uZS5jb20vd2F0ZXJtYXJrLnBuZw==/dissolve/100/gravity/SouthEast/dx/15/dy/11\"><img src=\"http://7te8bu.com1.z0.glb.clouddn.com/uploads/new/report/pic/201510/5626dcc57a586.jpg?imageView2/2/w/755%7Cwatermark/1/image/aHR0cDovL3d3dy5sZWlwaG9uZS5jb20vd2F0ZXJtYXJrLnBuZw==/dissolve/100/gravity/SouthEast/dx/15/dy/11\" alt=\"11\" /></a></p><p>要工作，我们要寻找一个合适的烙铁架，这个怎样，父辛爵？</p><p><a target=\"_blank\" href=\"http://7te8bu.com1.z0.glb.clouddn.com/uploads/new/report/pic/201510/5626dcc5f3a43.jpg?imageView2/2/w/755%7Cwatermark/1/image/aHR0cDovL3d3dy5sZWlwaG9uZS5jb20vd2F0ZXJtYXJrLnBuZw==/dissolve/100/gravity/SouthEast/dx/15/dy/11\"><img src=\"http://7te8bu.com1.z0.glb.clouddn.com/uploads/new/report/pic/201510/5626dcc5f3a43.jpg?imageView2/2/w/755%7Cwatermark/1/image/aHR0cDovL3d3dy5sZWlwaG9uZS5jb20vd2F0ZXJtYXJrLnBuZw==/dissolve/100/gravity/SouthEast/dx/15/dy/11\" alt=\"11\" /></a></p><p>算了，还是拍拍照片用一下得了，毕竟这古人的酒杯，是拿来做装饰品的，做烙铁架的话，多少有些不适宜。</p><p><a target=\"_blank\" href=\"http://7te8bu.com1.z0.glb.clouddn.com/uploads/new/report/pic/201510/5626dd35101d3.jpg?imageView2/2/w/755%7Cwatermark/1/image/aHR0cDovL3d3dy5sZWlwaG9uZS5jb20vd2F0ZXJtYXJrLnBuZw==/dissolve/100/gravity/SouthEast/dx/15/dy/11\"><img src=\"http://7te8bu.com1.z0.glb.clouddn.com/uploads/new/report/pic/201510/5626dd35101d3.jpg?imageView2/2/w/755%7Cwatermark/1/image/aHR0cDovL3d3dy5sZWlwaG9uZS5jb20vd2F0ZXJtYXJrLnBuZw==/dissolve/100/gravity/SouthEast/dx/15/dy/11\" alt=\"11\" /></a></p><p>在焊接测试中，由于TS100迷你烙铁升温非常迅速，大约几秒钟，就到了预设的问年度，能很好的融化焊锡了，焊接这种SMD封装的IC，好不拖泥带水，直接上松香后拖焊，效率很高。</p><p><a target=\"_blank\" href=\"http://7te8bu.com1.z0.glb.clouddn.com/uploads/new/report/pic/201510/5626dd3584b9c.jpg?imageView2/2/w/755%7Cwatermark/1/image/aHR0cDovL3d3dy5sZWlwaG9uZS5jb20vd2F0ZXJtYXJrLnBuZw==/dissolve/100/gravity/SouthEast/dx/15/dy/11\"><img src=\"http://7te8bu.com1.z0.glb.clouddn.com/uploads/new/report/pic/201510/5626dd3584b9c.jpg?imageView2/2/w/755%7Cwatermark/1/image/aHR0cDovL3d3dy5sZWlwaG9uZS5jb20vd2F0ZXJtYXJrLnBuZw==/dissolve/100/gravity/SouthEast/dx/15/dy/11\" alt=\"11\" /></a></p><p>尖头设计，在焊接排阻、电容方面也比较省心，特码是焊接比较小的元器件，可以把温度适当设置低一些，选用低熔点的焊锡丝，不怕烫坏元件。</p><p><a target=\"_blank\" href=\"http://7te8bu.com1.z0.glb.clouddn.com/uploads/new/report/pic/201510/5626dd35e7477.jpg?imageView2/2/w/755%7Cwatermark/1/image/aHR0cDovL3d3dy5sZWlwaG9uZS5jb20vd2F0ZXJtYXJrLnBuZw==/dissolve/100/gravity/SouthEast/dx/15/dy/11\"><img src=\"http://7te8bu.com1.z0.glb.clouddn.com/uploads/new/report/pic/201510/5626dd35e7477.jpg?imageView2/2/w/755%7Cwatermark/1/image/aHR0cDovL3d3dy5sZWlwaG9uZS5jb20vd2F0ZXJtYXJrLnBuZw==/dissolve/100/gravity/SouthEast/dx/15/dy/11\" alt=\"11\" /></a></p><p>焊接一个工下来，感觉比普通烙铁要好用一些，主要是温控很方便，以前使用焊台，要腾出手来调整控制器上的温控旋钮，现在直接用拇指按动按钮就可以了。</p><p><a target=\"_blank\" href=\"http://7te8bu.com1.z0.glb.clouddn.com/uploads/new/report/pic/201510/5626dd367064f.jpg?imageView2/2/w/755%7Cwatermark/1/image/aHR0cDovL3d3dy5sZWlwaG9uZS5jb20vd2F0ZXJtYXJrLnBuZw==/dissolve/100/gravity/SouthEast/dx/15/dy/11\"><img src=\"http://7te8bu.com1.z0.glb.clouddn.com/uploads/new/report/pic/201510/5626dd367064f.jpg?imageView2/2/w/755%7Cwatermark/1/image/aHR0cDovL3d3dy5sZWlwaG9uZS5jb20vd2F0ZXJtYXJrLnBuZw==/dissolve/100/gravity/SouthEast/dx/15/dy/11\" alt=\"11\" /></a></p><p>拆卸电容也方便，两边轻点一下，小电容就拆下来了。</p><p><a target=\"_blank\" href=\"http://7te8bu.com1.z0.glb.clouddn.com/uploads/new/report/pic/201510/5626dd36e0f5f.jpg?imageView2/2/w/755%7Cwatermark/1/image/aHR0cDovL3d3dy5sZWlwaG9uZS5jb20vd2F0ZXJtYXJrLnBuZw==/dissolve/100/gravity/SouthEast/dx/15/dy/11\"><img src=\"http://7te8bu.com1.z0.glb.clouddn.com/uploads/new/report/pic/201510/5626dd36e0f5f.jpg?imageView2/2/w/755%7Cwatermark/1/image/aHR0cDovL3d3dy5sZWlwaG9uZS5jb20vd2F0ZXJtYXJrLnBuZw==/dissolve/100/gravity/SouthEast/dx/15/dy/11\" alt=\"11\" /></a></p><p>如果是稍微大一的的元件，如这个3.3V的低压差稳压器1117，就需要稍微把温度调高一些。</p><p><a target=\"_blank\" href=\"http://7te8bu.com1.z0.glb.clouddn.com/uploads/new/report/pic/201510/5626dd376b118.jpg?imageView2/2/w/755%7Cwatermark/1/image/aHR0cDovL3d3dy5sZWlwaG9uZS5jb20vd2F0ZXJtYXJrLnBuZw==/dissolve/100/gravity/SouthEast/dx/15/dy/11\"><img src=\"http://7te8bu.com1.z0.glb.clouddn.com/uploads/new/report/pic/201510/5626dd376b118.jpg?imageView2/2/w/755%7Cwatermark/1/image/aHR0cDovL3d3dy5sZWlwaG9uZS5jb20vd2F0ZXJtYXJrLnBuZw==/dissolve/100/gravity/SouthEast/dx/15/dy/11\" alt=\"11\" /></a></p><p>用了一上午，发现TS100迷你烙铁是有 独到之处，最大的特点是轻便，作为DIY的工具，确实是比较顺手，除了上文说的导线方面，这里还有一个小小的不满意：在收纳到包装盒中的时候，是要把烙铁头从控制器中拆下来的，而这样拆装，比较麻烦，如果收纳盒能做长一点，外出的维修的时候，就不用把烙铁头拆下了。</p>', 'sui-yue-yong-heng-qing-huai-bu-gu-ts100mi-ni-lao-tie-shi-yong', '2', '1', '1447097773', '1447097773', '1447127752', '5');
INSERT INTO `post` VALUES ('63', '1', '你是不是认为Oculus在美国的知名度最高？', '短三年时间，Oculus便由一个Kickstarter众筹项目进化成目前家喻户晓的VR巨头，也唤醒数十年的VR行业。这当中缺不了Facebook赋予的光环，更缺不了那20亿美元的催化剂。而如果，你就以为美帝人民最熟悉Oculus Rift头盔，那么你就错了。根据美国一家VR调研机构Greenlight VR发布的调研报告显示，PlayStation VR才是美国最有知名度的VR品牌。据了解，这份调...', '<p>短三年时间，Oculus便由一个<a target=\"_blank\" href=\"http://www.leiphone.com/tag/Kickstarter\" title=\"Kickstarter\">Kickstarter</a><a target=\"_blank\" href=\"http://www.leiphone.com/tag/%E4%BC%97%E7%AD%B9\" title=\"众筹\">众筹</a>项目进化成目前家喻户晓的VR巨头，也唤醒数十年的VR行业。这当中缺不了<a target=\"_blank\" href=\"http://www.leiphone.com/tag/facebook/\" title=\"Facebook\">Facebook</a>赋予的光环，更缺不了那20亿美元的催化剂。而如果，你就以为美帝人民最熟悉Oculus Rift头盔，那么你就错了。根据美国一家VR调研机构Greenlight VR发布的调研报告显示，PlayStation VR才是美国最有知名度的VR品牌。</p><p>据了解，这份调研报告总共调查了2282名来自不同行业和不同年龄段的美国人，主要调查VR品牌知名度、售价、想要的应用场景等等。以下是这份报告的详细内容。</p><p><img src=\"http://7te8bu.com1.z0.glb.clouddn.com/uploads/new/article/740_740/201511/5640b2fce2ff0.jpg\" /></p><h3>品牌知名度</h3><p>报告称，在接受调查的人群中，有80％的人表示对VR技术有些了解，只有10%的人表示了解较多。与此同时，调研人员发现，索尼的PlayStation VR拥有最高的未提示品牌知名度（unaided brand awareness，即在未经提示的情况下，可以主动记忆的品牌或广告讯息的消费者占所有消费者的比例）。这意味着，PlayStation VR被大部分美国人接受，并拥有最高感知的品牌，就像我们被问到香水，回想起香奈儿那样。紧接下来是三星的Gear VR，排在第三位是Oculus。（擦，为毛不提雷锋网挂念的HTC Vive，雪姨不哭。）</p><p>不过，不用担心，这些排名是变化的。有20%的受访者表示，他们只会在某个特定的时间只对一个品牌感兴趣。而剩下那些不特定对某一品牌感兴趣的人中有48%表示，他们同时选择PlayStation VR和Gear VR，而Oculus获得44%的支持。</p><p><img src=\"http://7te8bu.com1.z0.glb.clouddn.com/uploads/new/article/740_740/201511/5640b36c59463.jpg\" /></p><p>这个报告最有趣的地方是，相比于少数民族，白人对VR的了解的兴趣更少。对于这个现象的解释，调研人员表示，相比于对VR有兴趣的但种族多样性的年轻人，不感兴趣的白种老年人占得人口比例多。</p><p><img src=\"http://7te8bu.com1.z0.glb.clouddn.com/uploads/new/article/740_740/201511/5640b33809ca9.jpg\" /></p><h3>售价<br /></h3><p>调查显示，大部分人都有购买VR设备的意愿，而影响购买的主要因素是产品售价。由此，这份报告认为，明年的VR设备“爆发”的很大原因在于售价。</p><p>具体来说，超过60%的受访者表示，他们不会支付超过400美元的VR头盔。而31%的人对于200~399美元的价位表示接受。只有11%的人表示，愿意为此支付1000美元。由此，我们可以预见，Oculus在销售上会遇到一些挑战，毕竟除了头盔，电脑的配置也需要“烧钱”。</p><p>还有一点值得一提，有36%~41%的人表示，对于提前曝光即在拿到产品之前有所了解的VR设备，购买的意愿会更高。这意味着产品的演示demo是销售关键。</p><p><img src=\"http://7te8bu.com1.z0.glb.clouddn.com/uploads/new/article/740_740/201511/5640b33883cc0.jpg\" /></p><h3>想要的应用场景</h3><p>对于人们会用<a target=\"_blank\" href=\"http://www.leiphone.com/tag/%E8%99%9A%E6%8B%9F%E7%8E%B0%E5%AE%9E\" title=\"虚拟现实\">虚拟现实</a>干什么，如果你还以为用户只是想用VR头盔来玩游戏，那你就错了。</p><p>根据报告，37%表示想用来探索世界和旅游，有33%是想玩游戏，有10%说是购物，还有4%是想要用来看VR电视或者电影。66%的人愿意尝试所有互动娱乐，包括电视、电影等体验。</p><p>总的来说，旅游获得66%支持，游戏占60%。在目前已有的VR游戏玩家中，赛车游戏拥有49%的高比例，竞技类占到40%，体育类为39%。</p><p>以上的调研针对美国人，对于中国人来说，可能只是一份参考。</p>', 'ni-shi-bu-shi-ren-weioculus-zai-mei-guo-de-zhi-ming-du-zui-gao', '1', '1', '1447097828', '1447097828', '1447098020', '3');
INSERT INTO `post` VALUES ('64', '1', '包罗万象的运动背包，既能装逼又很实用！', '“有些东西宁愿带着不用，也不愿需要的时候没有。”现在大家出门都会携带一堆东西，什么钱包、钥匙、手机、水瓶、充电器……因此，一款简单又时尚的背包显得格外的重要。特别是那些喜欢户外活动的人，如果出门还背着一个死重死重的大背包，那简直是一件磨人的事。今天小编要介绍的是一款包罗万象的时尚单肩包，设计轻便简单却又功能强大。美国KEEP PURSUING公司推出了一款单肩包KP Sling Bag，制作精良，...', '<p>“有些东西宁愿带着不用，也不愿需要的时候没有。”现在大家出门都会携带一堆东西，什么钱包、钥匙、手机、水瓶、充电器……因此，一款简单又时尚的背包显得格外的重要。特别是那些喜欢户外活动的人，如果出门还背着一个死重死重的大背包，那简直是一件磨人的事。今天小编要介绍的是一款包罗万象的时尚单肩包，设计轻便简单却又功能强大。</p><p><iframe frameborder=\"0\" width=\"740\" height=\"445\" src=\"http://v.qq.com/iframe/player.html?vid=h0171fyo4he&auto=0\" allowfullscreen=\"\"></iframe></p><p>美国KEEP PURSUING公司推出了一款单肩包KP Sling Bag，制作精良，穿戴舒适，拥有各式各样的存储口袋，方便用户携带日常必需品。</p><p><img src=\"http://7te8bu.com1.z0.glb.clouddn.com/uploads/new/article/740_740/201511/563c15a694702.png\" /></p><p>Sling单肩包采用100%防水过胶尼龙制成，防水防污。内置8个独特的隔间口袋，可用来存放各种需随身携带的小物件。</p><p><img src=\"http://7te8bu.com1.z0.glb.clouddn.com/uploads/new/article/740_740/201511/563c15b925f35.jpg\" /></p><p>中间带衬垫的大口袋适合存放手机、平板、Kindle等手持电子产品。贴身的内侧小口袋，比较隐秘，可用来存放护照和钱包等贵重物品。另外胸前还有一个特别的太阳眼镜袋，扮酷什么的也帮你考虑了，设计师真贴心。<iframe frameborder=\"0\" width=\"740\" height=\"450\" src=\"http://v.qq.com/iframe/player.html?vid=i0171x6igsz&auto=0\" allowfullscreen=\"\" style=\"line-height: 1.8;\"></iframe></p><p><strong>“背包全部展示视频”</strong></p><p>Sling采用安全带级的肩带，结实牢固，而且肩带的长短可随意调节，左右两肩都可以斜跨。肩带的中间是可移动的肩垫，保护肩部，让背包背起来更舒适省力。</p><p><img src=\"http://7te8bu.com1.z0.glb.clouddn.com/uploads/new/article/740_740/201511/563c166f7f810.jpg\" /></p><p>另外，每款Sling背包还配有一个内包和一根腰带。当你在做户外运动时（如：攀岩或者滑板），腰带可以帮你牢牢地固定背包。</p><p><img src=\"http://7te8bu.com1.z0.glb.clouddn.com/uploads/new/article/740_740/201511/563c16aa1122b.jpg\" /></p><p><img src=\"http://7te8bu.com1.z0.glb.clouddn.com/uploads/new/article/740_740/201511/563c194a09d8e.png\" /></p><h3>背包配件</h3><p>此外，Sling单肩包还有两款不错的配件，用户可根据自己的需求进行选购。</p><p><img src=\"http://7te8bu.com1.z0.glb.clouddn.com/uploads/new/article/740_740/201511/563c17a23518c.jpg\" /></p><p><img src=\"http://7te8bu.com1.z0.glb.clouddn.com/uploads/new/article/740_740/201511/563c06c19ad00.png\" /></p><ul><li><strong>32G USB 手环</strong> 采用美国军方三级伞绳编织而成，非常坚固，据说可以承受550磅的重量。内存32GB，支持USB2.0接口，共有军绿、银灰和深黑三个颜色可选。U盘容易丢，戴在手上做个时尚手环也不错哦。</li></ul><p><img src=\"http://7te8bu.com1.z0.glb.clouddn.com/uploads/new/article/740_740/201511/563c06eb21ad1.png\" /></p><ul><li><strong>Utility Hook挂钩</strong> 特别定制KP登山扣，尺寸6.98 x 3.17cm，可挂在Sling背包下端的钩板上，方便用户挂上钥匙、小音响、瑞士军刀一类的东西。而且它还内置开瓶器和六角扳手哦。</li></ul><h3>产品规格&参数</h3><p><img src=\"http://7te8bu.com1.z0.glb.clouddn.com/uploads/new/article/740_740/201511/563c070682730.jpg\" /></p><p><strong>尺寸： </strong>35x 20x 13cm</p><p><strong>重量： </strong>0.34kg</p><p><strong>拉链： </strong>YKK防水拉链</p><p><strong>外部材质：</strong> 100%过胶尼龙&PU皮革</p><p><strong>内部材质：</strong> 防撕裂尼龙&多氨纶</p><p><strong>六种颜色： 军绿色+橙色 、 深黑+深蓝 、灰色迷彩+橙色 </strong></p><p><strong> 卡其色+天空蓝 、丛林迷彩+天空蓝 、 深黑+橙色 </strong></p><p><img src=\"http://7te8bu.com1.z0.glb.clouddn.com/uploads/new/article/740_740/201511/563c073375ec7.jpg\" /></p><p>这款KP Sling背包早前在indiegogo上<a target=\"_blank\" href=\"http://www.leiphone.com/tag/%E4%BC%97%E7%AD%B9\" title=\"众筹\">众筹</a>，成功筹获215,815美元，完成众筹目标的1500%，获得了很多用户的支持。背包售价65美元，32G USB手环售价29美元，挂钩售价6美元。如果你喜欢这款单肩包的话，知趣网可以帮您代购。【<a href=\"http://haitao.leiphone.com/s/563c47021eda3\" target=\"_blank\">点击购买</a>】</p>', 'bao-luo-wan-xiang-de-yun-dong-bei-bao-ji-neng-zhuang-bi-you-hen-shi-yong', '0', '1', '1447097901', '1447097901', '1447098004', '2');
INSERT INTO `post` VALUES ('65', '1', 'IBM想用“电子血液”来解决超级计算机散热，这是种怎样的技术？', '据报道，IBM发明了一种“5D电子血液”，它是一种内含带电粒子的电解液，能够通过接触通道内的电极来为芯片实现供能。IBM正是计划通过其来该机计算机的散热和功能问题。具体来说，其工作原理就像大脑中的血液一样，人类大脑中有及其丰富的毛细血管，这些血管在给大脑带来新鲜氧气的同时也带走热量，而IBM研发的“电子血液”在流经芯片带走散发的热量后返回中央储藏室进行冷却，重新充电后再返回芯片中进行循环使用。使用...', '<p>据报道，IBM发明了一种“5D电子血液”，它是一种内含带电粒子的电解液，能够通过接触通道内的电极来为芯片实现供能。IBM正是计划通过其来该机计算机的散热和功能问题。具体来说，其工作原理就像大脑中的血液一样，人类大脑中有及其丰富的毛细血管，这些血管在给大脑带来新鲜氧气的同时也带走热量，而IBM研发的“电子血液”在流经芯片带走散发的热量后返回中央储藏室进行冷却，重新充电后再返回芯片中进行循环使用。使用该技术的计算机在耗能和容量方面都有极大的改进。</p><p><img src=\"http://7te8bu.com1.z0.glb.clouddn.com/uploads/new/article/740_740/201511/5640949660886.jpg\" /></p><p><strong>目前的难题：散热和电力传输</strong></p><p>据外媒报道，如今，无论是计算机科学、电子工程或者信息技术领域，他们共同面临着一个错综复杂的问题是：密度。简单地说，就是要在既定的空间内塞进更多的数字功能（计算、储存、闪存等）是一件异常艰难的事情。这听起来似乎有点不合常理，因为现代计算机芯片已经做得那么小了。想想，一台台式计算机机箱所占空间大约为50立方分米或者更多——但是CPU、GPU、RAM以及其他芯片所占的地方可能不到1%。</p><p>事实上，并不是芯片设计师或者计算机制造商不想更好地利用计算机的空间，而是因为当前的技术只能做到这样了。我们尚不能够实现通过取缔液体冷却来再腾出更多的位置——传统电子芯片中，其实有98%以上的体积用于冷却，只有2%用于计算）——要突破传统的冷却和供电输送技术是一件着实艰难的事情。</p><p>此外，近年来我们也看到一种能够解决立体传输的方式越来越流行——在一个芯片上叠加再一块。比如此前斯坦福大学工程师开发出的四层“多层芯片”原型，即底层和顶层是逻辑晶体管，中间是两层存储芯片层。垂直的管子是纳米级的电子“电梯”，连接逻辑层和存储层，让它们能一起工作解决问题，避免拥堵。但即使如此，我们仍然能够看见大部分商家在此苦战，多层逻辑芯片仍然罕见。</p><p>然而，不管是装进更多电路卡还是制造摩天大楼式的多层芯片，它们都是为了解决同一个问题：散热和电力传输。</p><p>我们先来谈谈散热系统的问题。其实多年以来，高端CPU的最大热设计功耗（TDP）并没有实质性的改变，这其中有许多复杂的原因，但最重要的还是，一方面，随着芯片变得越来越小巧，那么它和散热器或者水冷的接触面积就会变小，芯片本来能够散发掉的热量就受到了限制。而另一方面，当芯片变得越来越小时，芯片内部工作频率高的晶体管发热量会比其他部分大。</p><p><img src=\"http://7te8bu.com1.z0.glb.clouddn.com/uploads/new/article/740_740/201511/564094ad0042b.png\" /></p><p>另外关于电力输送的问题，你知道在现代的CPU上——比如英特尔LGA 1155封装的Ivy Bridge处理器——1155个接口中大部分是用作电力传输吗？如上图，所有以“V”开头标记的格子——VSS、VCC——都是用于提供稳定的电力流动的。</p><p>如果想要将两个处理器垂直堆积起来，不仅需要增加处理器底部的接口，而且必须找到一种在两层处理器间连接电路的方式。这是非常困难的，也是3D封装处理器发展受阻的原因——不管是“硅片直通孔(TSV)”或其它形式的3D封装技术。据了解，TSV可把芯片上数据需要传输的距离缩短1,000倍，并使每个器件的互连性增加100倍。</p><p><strong>那IBM的5D“电子血液”又是啥？</strong></p><p>正如文章开头所介绍的，外媒报道称，IBM苏黎世研究所的工作人员正致力于一项能解决功率输出和冷却垂直堆积电子的技术。不同于此前的3D封装技术，IBM直接将此研究项目为“5D扩容”，即通过使用“电子血液”来提供大约10毫瓦的电力给电脑芯片，而且理论上这些血还可以冷却芯片。</p><p>IBM这个“电子血液”系统在冷却方面也许没什么问题。但是，IBM的目标是将其运用于超级计算机。根据IBM的设想，到了2060年，一台千万亿次级电脑的体积小到可以放在桌子上。现在，这样一台电脑占据的面积相当于一个半个足球场——如果能够解决艰巨的散热问题，将意味着能够带来巨大的计算效率和收益。</p><p><img src=\"http://7te8bu.com1.z0.glb.clouddn.com/uploads/new/article/740_740/201511/56409681bec38.jpg\" /></p><p>在2010年，IBM 向瑞士苏黎世联邦技术研究所（ETH Zurich）递交了一台用热水冷却的超级计算机Aquasar。该冷却系统的一大特有功能是，其芯片级冷却系统能使用约60摄氏度（140 华氏度）的水来让芯片的工作温度保持在低于 85 摄氏度（185 华氏度）。整个冷却系统的工作原理是：冷却水持续被芯片加热，在它流过被动热交换机中时又被持续冷却，于是就将带走的热量直接输送给这个实验环境中的整个空间。因此该系统对于能源的需求比相同散热效率的风冷设备低了足足 40%。这里想要说明的是，无论是对散热还是难以连接的处理器来说，纳流体液体冷却系统作用都非常大。</p><p><img src=\"http://7te8bu.com1.z0.glb.clouddn.com/uploads/new/article/740_740/201511/564094cfd82a9.jpg\" /></p><p>至于电力输送，IBM的这套“电子方案”估计有点悬。因为除了光向处理器注入纳流体进行冷却，该方案还需能够成功将其转化为氧化还原液流电池。</p><p>如果IBM能够克服所有这些困难，那么这个“电子血液”系统将能实现80%的能源转化效率，与以往形成巨大的反差，而对计算机芯片业来说也将会是迎来一个翻天覆地的变化。不过，据了解，目前，该项研究正处于初级阶段。</p><p>话说回来，IBM的研发人员又是将<a target=\"_blank\" href=\"http://www.leiphone.com/category/naodong/\" title=\"脑洞\">脑洞</a>开到什么程度才想到这种方案的呢？IBM在接受采访时表示，研制“电子血液”的灵感就是来源于人体大脑。大脑的40%体积用于思考计算，50%体积用于互联，只有10%的体积用于冷却，而传统电子芯片竟有98%以上的体积用于冷却。因此，计算机为何不能仿效大脑那样获得更高的计算效率？</p>', 'ibm-xiang-yong-dian-zi-xue-ye-lai-jie-jue-chao-ji-ji-suan-ji-san-re-zhe-shi-zhong-zen-yang-de-ji-shu', '1', '1', '1447097947', '1447097947', '1447097980', '3');
INSERT INTO `post` VALUES ('66', '1', '每日产品辣评：撒泡尿都能发电的电池，你敢信？', '又是新的一周，听说北方已经入冬了，你那里还好吗？本期雷锋试用的人们产品有神器：撒泡尿都能发电的电池，文末可以看到哦。钛度鼠标---人皇sky为自己带盐体育明星退役后的生活有很多种，选择自身创业并获得成功的也不在少数。在中国电竞行业叱咤风云的里程碑式人物人皇sky 李晓峰，同样选择电脑外设领域从零开始创业。作为资深骨灰级玩家，他显然更懂得游戏发烧友的需求，钛度鼠标鼠标是国内首款搭载心率、重力传感器并...', '<p>又是新的一周，听说北方已经入冬了，你那里还好吗？本期雷锋试用的人们产品有神器：撒泡尿都能发电的电池，文末可以看到哦。</p><h3><a href=\"http://product.leiphone.com/product/game/1464.html\" target=\"_self\">钛度鼠标---人皇sky为自己带盐</a></h3><p>体育明星退役后的生活有很多种，选择自身创业并获得成功的也不在少数。在中国电竞行业叱咤风云的里程碑式人物人皇sky 李晓峰，同样选择电脑外设领域从零开始创业。作为资深骨灰级玩家，他显然更懂得游戏发烧友的需求，钛度鼠标鼠标是国内首款搭载心率、重力传感器并配置APP的智能鼠标，首批一万台已经在官网预定并售罄。</p><p><a href=\"http://product.leiphone.com/product/game/1464.html\" target=\"_blank\" title=\"钛度鼠标\"><img src=\"http://7te8bu.com1.z0.glb.clouddn.com/uploads/new/product/pic/201508/55c9bc95e9edb.png?imageMogr2/thumbnail/!515x345r/gravity/Center/crop/515x345/quality/90\" alt=\"钛度鼠标\"></a><span class=\"tags\">雷锋产品</span></p><p><a href=\"http://product.leiphone.com/product/game/1464.html\" class=\"ads-name\" target=\"_blank\">钛度鼠标</a><a class=\"love\"><em></em>喜欢：1</a> <a class=\"have\"><em></em>拥有：0</a> <a class=\"sCmt\"><em></em>短评：7</a></p><a href=\"http://product.leiphone.com/product/game/1464.html\" target=\"_blank\" class=\"ads-btn\">点击查看</a><blockquote><strong>@爱大星星</strong>：无论出哪款，先买1000个<br><strong>@落寞的固执</strong>：做产品要兼具锤子的情怀，华为的质量和小米的性价比<br><strong>@列维里</strong>：你说你叫钛度还不来点态度<br></blockquote><p>小编点评：情怀还是实力？</p><h3><a href=\"http://product.leiphone.com/product/others/3583.html\" target=\"_self\">亿航 GHOSTDRONE 2.0智能无人机---并不只有大疆</a></h3><p>亿航11月4日宣布推出Ghost 2.0智能<a target=\"_blank\" href=\"http://www.leiphone.com/news/201504/Bhh5ttIauUCQeICm.html\" title=\"无人机\">无人机</a>，据介绍，Ghost 2.0搭载带有头部姿态追踪功能的<a target=\"_blank\" href=\"http://www.leiphone.com/tag/%E8%99%9A%E6%8B%9F%E7%8E%B0%E5%AE%9E\" title=\"虚拟现实\">虚拟现实</a>眼镜，通过<a target=\"_blank\" href=\"http://www.leiphone.com/tag/%E6%99%BA%E8%83%BD%E6%89%8B%E6%9C%BA\" title=\"智能手机\">智能手机</a>体感操控模式，以及手、眼、头部的自然交互，实现第一人称视角的航拍观看。亿航成立于2014年4月，旗下产品主要包括Ghost无人机，已获得4200万美元的B轮融资。</p><p><a href=\"http://product.leiphone.com/product/others/3583.html\" target=\"_blank\" title=\"亿航 GHOSTDRONE 2.0智能无人机\"><img src=\"http://7te8bu.com1.z0.glb.clouddn.com/uploads/new/product/pic/201511/563ac32263b80.jpg?imageMogr2/thumbnail/!515x345r/gravity/Center/crop/515x345/quality/90\" alt=\"亿航 GHOSTDRONE 2.0智能无人机\"></a><span class=\"tags\">雷锋产品</span></p><p><a href=\"http://product.leiphone.com/product/others/3583.html\" class=\"ads-name\" target=\"_blank\">亿航 GHOSTDRONE 2.0智能无人机</a><a class=\"love\"><em></em>喜欢：1</a> <a class=\"have\"><em></em>拥有：0</a> <a class=\"sCmt\"><em></em>短评：0</a></p><a href=\"http://product.leiphone.com/product/others/3583.html\" target=\"_blank\" class=\"ads-btn\">点击查看</a><blockquote><strong>@0220</strong>：未来亿航的新品发布现场没有长枪短炮的摄像机和五花八门的麦克风，有的是无处不在无所不能的亿航无人机，真是采访神器啊<br><strong>@遂以不变</strong>：无人机观望一年多，非常想入坑<br><strong>@iwill</strong>：大疆是苹果、亿航是安卓<br><br></blockquote><p>小编点评：老大离职辣</p><p><a href=\"http://product.leiphone.com/product/home/730.html\" target=\"_self\"><strong>无线灯泡---把你捧在手心</strong></a></p><p>Hue Go看起来不太像灯泡，因为设计的初衷就不是为了挂在墙上；与其说它是一盏灯，更不如说是一个会发光的沙拉碗。使用了无线通讯技术 Zigbee，灯饰的颜色可以随心所欲地手动调节，而无需通过手机应用实现，共有五种颜色，售价达到100美元。</p><p><a href=\"http://product.leiphone.com/product/home/730.html\" target=\"_blank\" title=\"Hue Go 无线灯泡\"><img src=\"http://7te8bu.com1.z0.glb.clouddn.com/uploads/new/product/pic/201505/55499095b8f53.jpg?imageMogr2/thumbnail/!515x345r/gravity/Center/crop/515x345/quality/90\" alt=\"Hue Go 无线灯泡\"></a><span class=\"tags\">雷锋产品</span></p><p><a href=\"http://product.leiphone.com/product/home/730.html\" class=\"ads-name\" target=\"_blank\">Hue Go 无线灯泡</a><a class=\"love\"><em></em>喜欢：0</a> <a class=\"have\"><em></em>拥有：0</a> <a class=\"sCmt\"><em></em>短评：5</a></p><a href=\"http://product.leiphone.com/product/home/730.html\" target=\"_blank\" class=\"ads-btn\">点击查看</a> <blockquote><strong>@hhpp</strong>：现在都捧着手机，谁会有功夫捧这个家伙？<br><strong>@风雨雪</strong>：大街上有个人端着这个对你说“大爷，施舍点吧”你是什么感觉？<br><strong>@进击的白羊</strong>：大概冬天的时候，你可以抱着它取暖<br></blockquote><p>小编点评：是金碗都会发光的</p><h3><a href=\"http://product.leiphone.com/product/wearable/1487.html\" target=\"_self\">FYF钢丝袜---铁一样的袜子</a></h3><p>来自瑞士的Barefoot公司推出了一款可以当鞋子使用的袜子，号称是比钢铁还要坚硬的袜子，目的是带给用户如赤脚般的体验。袜子采用羊毛纤维及46.5%的Dyneema（迪尼玛）纤维编织而成，同时在袜子底部添加了PVC鞋底，穿在脚上用户可以做各种高强度的户外活动。每双袜子都有一个防水袋，只需花费系鞋带的时间就可以穿上。</p><p><a href=\"http://product.leiphone.com/product/wearable/1487.html\" target=\"_blank\" title=\"刚丝袜\"><img src=\"http://7te8bu.com1.z0.glb.clouddn.com/uploads/new/product/pic/201508/55cb28aaa2223.jpg?imageMogr2/thumbnail/!515x345r/gravity/Center/crop/515x345/quality/90\" alt=\"刚丝袜\"></a><span class=\"tags\">雷锋产品</span></p><p><a href=\"http://product.leiphone.com/product/wearable/1487.html\" class=\"ads-name\" target=\"_blank\">刚丝袜</a><a class=\"love\"><em></em>喜欢：4</a> <a class=\"have\"><em></em>拥有：2</a> <a class=\"sCmt\"><em></em>短评：0</a></p><a href=\"http://product.leiphone.com/product/wearable/1487.html\" target=\"_blank\" class=\"ads-btn\">点击查看</a><blockquote>@蔡先生：18岁到80岁，你的一生只需要一双袜子<br>@CamaroS：怎么洗？<br>@元芳：一双就够一辈子。袜子厂倒闭的节奏<br></blockquote><p>小编点评：奔跑吧兄弟！</p><h3><a href=\"http://product.leiphone.com/product/home/1958.html\" target=\"_self\">Aquacell Battery---撒泡尿都能发电</a></h3><p>Aquacell Battery是一款由水来激活使用的新型电池，功能上与传统的碱性电池无异，但综合所有元素来看，其更加清洁环保，同时12g的重量也让它更加轻盈便携。在使用寿命方面有着绝对性的优势，如果在使用前妥善保存，未被激活的Aquacell Battery将会有着无限保质期。+</p><p><a href=\"http://product.leiphone.com/product/home/1958.html\" target=\"_blank\" title=\"水电池\"><img src=\"http://7te8bu.com1.z0.glb.clouddn.com/uploads/new/product/pic/201509/55ee4acd79c2b.jpg?imageMogr2/thumbnail/!515x345r/gravity/Center/crop/515x345/quality/90\" alt=\"水电池\"></a><span class=\"tags\">雷锋产品</span></p><p><a href=\"http://product.leiphone.com/product/home/1958.html\" class=\"ads-name\" target=\"_blank\">水电池</a><a class=\"love\"><em></em>喜欢：0</a> <a class=\"have\"><em></em>拥有：0</a> <a class=\"sCmt\"><em></em>短评：4</a></p><a href=\"http://product.leiphone.com/product/home/1958.html\" target=\"_blank\" class=\"ads-btn\">点击查看</a><blockquote><strong>@骑行吧</strong>：自来水可以用么<br><strong>@我是用户</strong>：撒泡尿都可以发电，哈哈哈<br><br><strong>@强迫症</strong>：彩虹电池怎么看？<br></blockquote>', 'mei-ri-chan-pin-la-ping-sa-pao-niao-dou-neng-fa-dian-de-dian-chi-ni-gan-xin', '1', '1', '1447098107', '1447098107', '1447098107', '2');
INSERT INTO `post` VALUES ('67', '1', '3D打印汽车看似炫酷，但可能有毒', '去年9月份，Local Motors公司在芝加哥公开展示了世界首辆3D打印汽车；而前两天，该公司终于宣布即将实现3D打印汽车的上市，也许我们马上就能开上价格低廉，还接受定制化的电动汽车！想想还真有点小激动呢。但是不要着急，3D打印爽是爽，但3D打印产生的有毒物质又该如何处理呢，3D打印的汽车对人类使用者来说安全吗？日前，《环境科学》期刊发表了一份来自加州大学河滨分校的一篇名为《评估和减少3D打印部...', '<p>去年9月份，<a href=\"http://www.leiphone.com/news/201410/ECTuGC4dUE7EoUZ5.html\" target=\"_self\">Local Motors公司在芝加哥公开展示了世界首辆3D打印汽车</a>；而前两天，<a href=\"http://www.leiphone.com/news/201507/tHF3tHCUlGgCJS8l.html\" target=\"_self\">该公司终于宣布即将实现3D打印汽车的上市</a>，也许我们马上就能开上价格低廉，还接受定制化的电动汽车！想想还真有点小激动呢。</p><p>但是不要着急，3D打印爽是爽，但3D打印产生的有毒物质又该如何处理呢，3D打印的汽车对人类使用者来说安全吗？</p><p>日前，《环境科学》期刊发表了一份来自加州大学河滨分校的一篇名为《评估和减少3D打印部件的毒性》的文章，为我们揭开了3D打印黑暗的一面。</p><p>2014年，一位加州大学河滨分校的研究生Shirin Oskui在使用3D打印材料进行斑马鱼胚胎研究时中毒死亡。之后该校的生物工程助理教授William Grover开启领导了对3D打印材料毒性的全面研究，他发现，该研究生在研究时使用的由两种材料混合打印的3D打印部件含有致命毒素。</p><p>该团队对这两种材料进行了分析。事实上这两种材料均来自颇受欢迎的<a target=\"_blank\" href=\"http://www.leiphone.com/tag/3d%E6%89%93%E5%8D%B0%E6%9C%BA\" title=\"3d打印机\">3d打印机</a>：其中熔融的塑料来自Stratasys公司的Dimension Elite 3D打印机，而液态树脂则产生自Formlabs的Form 1+ 3D打印机。</p><p>而从斑马鱼胚胎的生存率和孵化率上我们也看到了这两种材料带来的负面影响：暴露于打印材料中的胚胎的死亡率远高于正常培养的胚胎。最终，超过一半的暴露于液体树脂盘的胚胎在3天内死亡，一周之后几乎没有胚胎幸存，只有少数几个完成了孵化，但也出现了发育异常。</p><p><iframe frameborder=\"0\" width=\"740\" height=\"498\" src=\"http://v.qq.com/iframe/player.html?vid=w0172uu4zy2&tiny=0&auto=0\" allowfullscreen=\"\"></iframe></p><p>另外，研究人员证实，如果将打印的部件曝光在紫外光照下，能有效降低3D打印部件中的毒素水平。而该研究团队目前正在进一步研究3D打印部件对人体的影响。</p><p>Grover总结说：“包括我在内的很多人都对3D打印技术感兴趣。但是我们真的需要后退一步好生考虑一下这些材料。”该团队表示已经开始敦促有关部门制定3D打印材料的相关标准，以保证使用者的安全。</p><p>鉴于目前所有的3D打印材料在使用过程中都会经过加热，尤其是一些聚合物材料，在加热过程中或许会出现一些对人类有害的化学反应。鉴于中国方面相关的标准还未出台，厂商之间的价格战也可能对产品质量带来影响，所以对那些热衷设计的创客来说，选择安全可靠的3D打印机和打印材料就非常重要了。而即使选择了可靠的提供商，也要注意对自己的保护。</p><p>过几天即将开赛的创客马拉松华南农大站的比赛有向参赛者提供免费3D打印机使用，大家要注意安全哦。更多创客信息，关注硬创邦微信（leiphone_bang）。</p>', '3d-da-yin-qi-che-kan-shi-xuan-ku-dan-ke-neng-you-du', '22', '1', '1447098154', '1447098154', '1447098154', '23');
INSERT INTO `post` VALUES ('68', '1', '无人机送货计划会平安着陆吗？来看专家怎么说', '当亚马逊两年前宣布，使用无人机送货时，所有人都认为无人机送货的春天来了。如今，谷歌和沃尔玛都加入了这一游戏。这项新技术的前景看起来不错，每个人都确信无人机送货马上就要普及。不过，Gartner研究员 Van Hoy此前接受媒体采访时曾表示，“我从来没想过这竟是市场营销的鬼把戏。”上周，谷歌项目负责人David Vos宣称到了2017年，公司将实现全面无人机送货模式。同一天，沃尔玛超市也开始试运行自...', '<p>当亚马逊两年前宣布，使用<a target=\"_blank\" href=\"http://www.leiphone.com/news/201504/Bhh5ttIauUCQeICm.html\" title=\"无人机\">无人机</a>送货时，所有人都认为无人机送货的春天来了。如今，谷歌和沃尔玛都加入了这一游戏。这项新技术的前景看起来不错，每个人都确信无人机送货马上就要普及。</p><p>不过，Gartner研究员 Van Hoy此前接受媒体采访时曾表示，“我从来没想过这竟是市场营销的鬼把戏。”</p><p>上周，谷歌项目负责人David Vos宣称到了2017年，公司将实现全面无人机送货模式。同一天，沃尔玛超市也开始试运行自己的无人机送货服务。</p><p>Van Hoy甚至认为，无人机送货已经使板上钉钉的事了。不过这一观点，并没有被大多数人接受。</p><p>然而据IDC的数据显示，无人机送货的真实情况远没有大家预想的那么好。</p><h3>是什么阻碍无人机送货的发展？</h3><p>专家表示，首当其冲的原因是缺少联邦法规。FAA（美国联邦航空局）错过了商用无人机合法化的最后期限，他们表示预计2016年春天可以实现合法化。没有这些指导原则，无人驾驶飞机的运营商只能在一个灰色地带飞行，在一个商业无人机舰队投资大量现金，并不是最好的选择。</p><p> Forrester专家表示，谷歌、沃尔玛、亚马逊在正式测试无人机之前需要健全规章制度的设置。具体来说，他们需要FAA允许一些无人机飞过他们可能不在运营商引导的路线。此外，有些技术难点也要考虑进来。比如，这些无人机如何避免危险路线，如何在抛扔货物时不让其受损，如何在天气糟糕、飞鸟成群的情况下将货物安全送达。不过有数据显示，如果无人机飞行速度低于30英里/小时，就能大大减小受损风险。</p><p>同时，公司还需要制定非常严谨的方案来调节无人机如何从公司抵达顾客的家里。</p><h3>无人接送货将是什么样？</h3><p>如果明年春天，联邦法规可以通过无人机申请的话。Van Hoy可以想象截至2016年底亚马逊提供的服务形式。即使FAA不允许视线之外飞行，那也没什么用了。</p><p>“当它第一次提出来的时候，我还很好奇无人机到底能不能带着货物离开仓库。”他说。</p><p>卡车可以将货物运到市中心，而无人机可以把货物运到附近的人家。这样他们既可以保证无人机是在视线范围之内飞行，又是可以避免长距离运输带来的风险。</p><p>而且，无人机不会去按门铃，可能用降落伞的形式送到用户的手中。这意味着运送的货物必须足够小，而亚马逊官方给出的数据是现在86%的货物重量都在五磅以内。</p><h3>值得用无人机送货吗？</h3><p>无论是研究还是开发，无人机都造价不菲。今年早些时候，投资公司曾估值亚马逊此次大概会花费1.3亿美元购买无人机设备。日后，还会有3.5亿美元的维修和保养费。</p><p>这些投入对亚马逊来说也并非没有一点意义，因为即便没有无人机他们在传统的物流方面也需要不少投入。这样用无人机传递包裹可以让用户在有限的时间内更快接收包裹，像UPS 和 FedEx一样。“每个人都在同一天收货。”但是 就目前情况看，并不是每一个公司都可以从几百万的付出中有收获。</p>', 'wu-ren-ji-song-huo-ji-hua-hui-ping-an-zhe-lu-ma-lai-kan-zhuan-jia-zen-me-shuo', '0', '1', '1447098206', '1447098206', '1447127722', '2');
INSERT INTO `post` VALUES ('69', '1', '上线100天的滴滴代驾，又出什么新招了？', '今天下午滴滴代驾在北京举办了一场以「新生代，驾未来」为主题的发布会，除了公布过去 100 天的成绩，也发布了新的战略计划「代驾+」。过去 100 天做了什么？滴滴代驾事业部总经理付强在现场用了几组数据展示他们在过去三个多月来的变化：日订单峰值突破 50 万；注册司机达 150 万，目前有 30 万可以上岗的司机；覆盖国内 200 个主要城市；10 月份市场覆盖率为 70%；司机平均接单时间为 8....', '<p>今天下午滴滴代驾在北京举办了一场以「新生代，驾未来」为主题的发布会，除了公布过去 100 天的成绩，也发布了新的战略计划「代驾+」。</p><h2>过去 100 天做了什么？</h2><p>滴滴代驾事业部总经理付强在现场用了几组数据展示他们在过去三个多月来的变化：</p><blockquote><ul><li>日订单峰值突破 50 万；注册司机达 150 万，目前有 30 万可以上岗的司机；</li><li>覆盖国内 200 个主要城市；10 月份市场覆盖率为 70%；</li><li>司机平均接单时间为 8 秒；代驾的平均距离为 8 公里。</li></ul></blockquote><p>此外，滴滴代驾还对价格体系做了调整，将起步价在 10 公里以内降到 18 元。付强称调整价格后，「司机平均接单量增长 30%。」</p><p>其次是推出了一项「无价周末」的服务，让更多车主享受优惠，其中的「免费代驾回家」，订单量比平时提升了三分之二。</p><h2>新招是什么？</h2><p>在多数人印象里，代驾约等于酒后代驾，但事实上代驾的使用场景很丰富。付强表示滴滴代驾不会做单纯的酒后代驾服务，而是会开拓更多的场景需求，这就是「代驾+」。</p><p>「代驾+」将分期逐步推进，首期滴滴代驾会推出「专属司机」，主要针对于商务出行、自驾游等长时间使用代驾服务的场景，让用户（车主）在车内有更多可以自由支配的时间。</p><p>除了将司机技能培训体系标准化、要求他们持证上岗外，泊车、代办、代保养以及推出有教练资质的陪练服务都属于新的代驾场景，这些场景大多是因为细分的需求还没被挖掘出来。</p><p>对于新场景如何定价的问题，滴滴代驾目前还没有推出具体相关资费政策，但是定价标准会按照服务类别和服务时长来收取。</p><h2>代驾大战？</h2><p>虽然付强表示司机的行驶路径都会记录在后台，但是代驾对于大部分车主来说仍然有一定的陌生感和不信任感，而更多「场景+」的代驾与单纯的酒后代驾相比，则更加复杂，因此要当一名市场教育者可不是一件容易的事情。</p><p>此外对于司机来说，虽然补贴是一种市场调节手段，比如雨雪天等恶劣天气，用补贴可以提高他们的积极性。但是众所周知，补贴烧钱（比如上文提到的「无价周末」）也是一种常态，是能最快打开市场的手段。</p><p>这也是为什么滴滴代驾在上线三个多月来，凭着滴滴打车平台和资金实力的优势，可以与在代驾领域深耕 4 年多的 e 代驾势均力敌的原因之一。</p><p>就在上个月 15 号，神州专车宣布注资 e 代驾并达成战略合作关系，注资的具体金额并没有透露。虽然抱团可以弥补 e 代驾的短板，但是目前看来，双方在代驾市场的「厮杀」迟早会发生。</p>', 'shang-xian100tian-de-di-di-dai-jia-you-chu-shen-me-xin-zhao-le', '1', '1', '1447098248', '1447098248', '1447098248', '2');
INSERT INTO `post` VALUES ('70', '1', '一只奇葩的机器鸟是怎么炼成的？', 'RoboBrrd是一款实验人机交互的机器人模型，普通人就可以用有限的材料搭建起来。其设计灵感来自于鸟类，它有着可以动的嘴和翅膀，通过感知外界的输入它就会做出不同的反应。一系列动作的组合让RoboBrrd可以展示多种行为，而正是这些动作让我们看到了人类与机器人之间很多有趣或者滑稽的交互。通过这些互动，这个“鸟人”也展示出了属于它自己的性格和特点。通过很多方面将人与机器人联系起来，例如性格特点以及对环...', '<p>RoboBrrd是一款实验人机交互的机器人模型，普通人就可以用有限的材料搭建起来。其设计灵感来自于鸟类，它有着可以动的嘴和翅膀，通过感知外界的输入它就会做出不同的反应。一系列动作的组合让RoboBrrd可以展示多种行为，而正是这些动作让我们看到了人类与机器人之间很多有趣或者滑稽的交互。通过这些互动，这个“鸟人”也展示出了属于它自己的性格和特点。</p><p>通过很多方面将人与机器人联系起来，例如性格特点以及对环境的感知。在机器人研究领域，这些特点的研究统称为社会化机器人。这类研究旨在探索机器人与人类能够如何进行互动，以及如何基于更自然的方法相互沟通。</p><p><strong>下面我们通过三个方面来简单介绍一下RoboBrrd：</strong></p><ol><li>首先是外观与对机器人的最初印象。RoboBrrd的仿生设计（虽然可能有些逗B的成分掺和进去了）让我们对一个熟悉的物种赋予一定的人格。从而人类就可以更容易地认知其主要特点，并且对于这家伙大概能做什么有一定的预判。</li><li>其次机器人能够通过其移动、动作或者其他表现形式的输出向人类传达具有特定含义的信息。RoboBrrd通过它鸟嘴、翅膀、和脚步等多方面的自由度让人类看到其表现出来的行为。例如，LED的眼睛能够表明它当前的状态，并且可以根据它的需求来表达当前的情绪。</li><li>最后这个机器人能理解人类向它传达的信息。基础的RoboBrrd有一个动作感应器，一些倾斜传感器，以及两个光敏电阻（LDRs）。这些传感器将能够让它感知周围环境中发生的一些事情，并且做出相应的动作。</li></ol><p><strong>下面我们来了解一下，造一个RoboBrrd需要知道的技术方面和机械方面细节：</strong></p><blockquote><ul><li>如何用有限种类的材料设计一个机器人</li><li>设计一种让它动嘴的机制（将旋转变换成某种平移）</li><li>LM317稳压电路</li><li>TLC5940 PWM（Pulse Width Modulation脉宽调制） 变换电路</li><li>伺服程序</li><li>传感器程序</li><li>行为输出程序</li></ul></blockquote><p>造一个萌丑萌丑的RoboBrrd可能有一点儿难度，后面我们要讲的第一步会帮助你决定你RoboBrrd的复杂度，以及需要什么零件。</p><p><strong>如果你会科学上网，下面这些视频教程也许会有很大的帮助：</strong></p><blockquote><ul><li><a href=\"http://youtu.be/5IvBZ3R-mS0\" target=\"_blank\" textvalue=\"RoboBrrd Teaser\">RoboBrrd Teaser</a></li><li><a href=\"http://youtu.be/bso6piMTXcI\" target=\"_blank\" textvalue=\"RoboBrrd Character\">RoboBrrd Character</a></li><li><a href=\"http://youtu.be/SzLnPpAHKfA\" target=\"_blank\" textvalue=\"RoboBrrd Design\">RoboBrrd Design</a></li><li><a href=\"http://youtu.be/6Ox1Z0Y0rLw\" target=\"_blank\" textvalue=\"RoboBrrd Electronics\">RoboBrrd Electronics</a></li><li><a href=\"http://youtu.be/_Xnsp09qgWQ\" target=\"_blank\" textvalue=\"RoboBrrd Beak\">RoboBrrd Beak</a></li><li><a href=\"http://youtu.be/097cRXui6tA\" target=\"_blank\" textvalue=\"RoboBrrd Light Chasing\">RoboBrrd Light Chasing</a></li><li><a href=\"http://www.youtube.com/watch?v=KSGt83BzX74\" target=\"_blank\" textvalue=\"Robot Mesh Network – RoboBrrd and MANOI\">Robot Mesh Network – RoboBrrd and MANOI</a></li><li><a href=\"http://www.youtube.com/watch?v=PZzhbbQ51yE\" target=\"_blank\" textvalue=\"Robot Mesh Network – RoboBrrd and MANOI AGAIN!\">Robot Mesh Network – RoboBrrd and MANOI AGAIN!</a></li></ul></blockquote><p><strong>以及一些图片资源：</strong></p><blockquote><ul><li><a href=\"http://www.flickr.com/photos/robotgrrl/sets/72157626643382757/\" target=\"_blank\" textvalue=\"Flickr: RoboBrrd Documentation Images\">Flickr: RoboBrrd Documentation Images</a></li><li><a href=\"http://www.flickr.com/photos/robotgrrl/collections/72157626205213359/\" target=\"_blank\" textvalue=\"Flickr: RoboBrrd Collection\">Flickr: RoboBrrd Collection</a></li></ul></blockquote><p><strong>源代码：</strong></p><blockquote><ul><li><a href=\"https://github.com/RobotGrrl/RoboBrrdMain\" target=\"_blank\">Github: RoboBrrdMain</a></li><li><a href=\"https://github.com/RobotGrrl/RoboBrrdComm\" target=\"_blank\">Github: RoboBrrdComm</a></li><li><a href=\"https://github.com/RobotGrrl/MeshRobots\" target=\"_blank\">Github: MeshRobots</a></li></ul></blockquote><h3><strong>以下纯干货，让我们动起手来！</strong></h3><h3>第一步：设计模型</h3><p><img src=\"http://7te8bu.com1.z0.glb.clouddn.com/uploads/new/article/740_740/201511/563ffd19e21d1.png\"></p><p>你可以自由定义你的RoboBrrd要有多复杂，以及你希望它都能做些什么。上图是一些示例。</p><p>确认一下你已经有了什么部件，以及将会需要什么部件。这也会帮助你决定将要搭建的结构和配置。</p><p>如果这是你的第一个机器人，也许简单小巧一些的结构会更容易实现。然后你可以慢慢给RoboBrrd加上更多的零件和功能。</p><h3>第二步：制作RoboBrrd的前面板</h3><p><img src=\"http://7te8bu.com1.z0.glb.clouddn.com/uploads/new/article/740_740/201511/563ffefa2bd26.png\"></p><p>前面板是这个小机器人的主要部分，它的上面将包括鸟的嘴和眼睛。我们可以用四根铅笔，一些雪糕棍或者咖啡搅拌签来搭建基础结构。</p><p><img src=\"http://7te8bu.com1.z0.glb.clouddn.com/uploads/new/article/740_740/201511/563ffefb0f2f2.png\"></p><p>把铅笔顶部的橡皮部分切掉，然后做一个正方形边框。我们留着这几个橡皮后面可能会用到。</p><p><img src=\"http://7te8bu.com1.z0.glb.clouddn.com/uploads/new/article/740_740/201511/563fff3986b44.png\"></p><p>将雪糕棍粘到边框里，要确保他们尽可能地相互垂直。</p><h3>第三步：鸟嘴（一）</h3><p><img src=\"http://7te8bu.com1.z0.glb.clouddn.com/uploads/new/article/740_740/201511/563fff64506c1.png\"></p><p>鸟嘴可能是RoboBrrd最难的一部分。我们要非常非常耐心地来进行这一步！要确保我们做的鸟嘴能够刚好嵌入到之前做的前面板框架中。而且，鸟嘴的两半部分要在后面边缘处能够相互触碰。</p><p>这一步我们依然要用到雪糕棍（略宽）和咖啡棍（略窄），还有锥子之类可以戳孔的工具。</p><p>鸟嘴的整体分为上下两个部分。下面的步骤教给大家如何制作上半部分，然后再做一个一模一样的反过来就是下半部分了。</p><p>首先做一个基本的三角形（4）。</p><p><img src=\"http://7te8bu.com1.z0.glb.clouddn.com/uploads/new/article/740_740/201511/563fff71b1d21.png\"></p><p>剪短一根雪糕棒，然后在靠近直边的一段戳一个孔（5），要小心不要把木头戳分叉。如果不小心戳坏了，要重新来过哦。</p><p>将戳过孔的小棍粘到三角形一个边的中心（6），然后用咖啡棍将这个立起来的小棍在相邻的两边支起来（7），以及向另外一个角也搭一根（8）。</p><p>剪一个咖啡棍，长度等于前面板两个雪糕棍之间距离（9）。将一个小木片（每边一个）粘到打孔的小棍和鸟嘴的对角斜边那根棍之间（10）。</p><h3>第四步：鸟嘴（二）</h3><p>同上一布，制作鸟嘴的另外一半。</p><p>将（9）中的小棍穿到（10）所带来的空间中，如图（11）。检查一下两半鸟嘴的大小和形状跟前面板的其他零件都大致吻合。然后将咖啡棍跟雪糕棒粘到一起。</p><p><img src=\"http://7te8bu.com1.z0.glb.clouddn.com/uploads/new/article/740_740/201511/563fffbf60d51.png\"></p><p>同上，将下半部分鸟嘴也粘上去。</p><p>再拿两根雪糕棒，在两段分别打孔（14）。将其跟之前打孔的小棍用线穿在一起（15）。</p><p>休息一下吧。刚刚已经完成了RoboBrrd最具挑战的一部分！</p><h3>第五步：添加其他立面</h3><p><img src=\"http://7te8bu.com1.z0.glb.clouddn.com/uploads/new/article/740_740/201511/5640012297eb9.png\"></p><p>首先准备更多的雪糕棒、咖啡棍、线、绳子。</p><p>制作两个铅笔方框（16）。</p><p>用咖啡棍在方框中编织成网状（17）。这个将会是RoboBrrd头部的底面，所有的联动伺服装置和电子设备都会被安置在这儿。</p><p><img src=\"http://7te8bu.com1.z0.glb.clouddn.com/uploads/new/article/740_740/201511/56400123428aa.png\"></p><p>将前面板和底板连在一起（18）。要确保他们尽可能地相互垂直。</p><p>将背板安置在有鸟嘴的正面板的对面（19）。同样，要尽可能地让它们相互垂直。</p><p><img src=\"http://7te8bu.com1.z0.glb.clouddn.com/uploads/new/article/740_740/201511/5640015c11e9f.png\"></p><p>在顶侧安置两根铅笔完成整个立方（20）。</p><p>继续加置一些雪糕棒来固定（21）。</p><h3>第六步：测试电子部分</h3><p>我们的机械结构先告一段落，下面我们来组装一些电子设备。因为小RoboBrrd的内部空间非常有限，所以在组装好所有部件之前，对电子部分进行一下测试是非常有必要的。我们接下来就要把所有将要用到的电子零件都测试一下。</p><p><img src=\"http://7te8bu.com1.z0.glb.clouddn.com/uploads/new/article/740_740/201511/56400180908e7.png\"></p><p>测试一下所有的伺服系统，确保它们都能正确地运转。这里可以使用<a target=\"_blank\" href=\"http://www.leiphone.com/tag/arduino\" title=\"Arduino\">Arduino</a>伺服代码库里面的“Sweep”示例。在后面的步骤中我们要给它们分别提供电力，所以现在我们先看一下这些零件是不是都能正常运作。</p><p><img src=\"http://7te8bu.com1.z0.glb.clouddn.com/uploads/new/article/740_740/201511/5640018142da8.png\"></p><p>可以使用“Fade”的示例来测试所有的LED灯是否都能点亮。</p><p>如果想要使用其他的传感器，也请在组装前就确保他们都能工作。可以使用“AnalogInOutSerial”这个例子来测试。</p><h3>第七步：眼睛</h3><p><img src=\"http://7te8bu.com1.z0.glb.clouddn.com/uploads/new/article/740_740/201511/564001ba9cd03.png\"></p><p>首先，我们需要两个乒乓球。RoboBrrd的眼睛将会非常神奇，因为他们看上去是白色的，但是眼睛可以通过LED变成任何的颜色！ </p><p>在乒乓球上打一个孔，能够把LED灯放进去。</p><p><img src=\"http://7te8bu.com1.z0.glb.clouddn.com/uploads/new/article/740_740/201511/564001bbabd7c.png\"></p><p>把装有LED的乒乓球安置在RoboBrrd的前面板上（23）。要注意，我们要确保之后还能将LED取出来。然后在乒乓球上画出炯炯有神或黯然忧伤或是色迷迷的眼睛吧（24）！</p><p>给LED灯接上足够长的线（能够连到RoboBrrd的背部即可），把导线拧成股，并粘到乒乓球里（25）。</p><h3>第八步：制作翅膀联动底座（上）</h3><p><img src=\"http://7te8bu.com1.z0.glb.clouddn.com/uploads/new/article/740_740/201511/564001fb9a68e.png\"></p><p>这个底座将制成可以动的翅膀，它跟鸟嘴的底座很相似只不过更短一些。左右翅膀做成一模一样的两个底座。这里可以选择做成一个然后再复制另外一个（当然不是复制粘贴啦），或者搭好两个结构之后分别填入其他零件。这里我们依然会用到很多雪糕棍和咖啡棍。</p><p>检查一下伺服电动机的大小和边缘，确保装上翅膀后能够自由地移动，然后把伺服叶片连到马达上。</p><p>将两个略长于伺服电动机宽度的咖啡棍粘到其两侧（26）。</p><p>将这两个小棍连同电动机粘到底座的雪糕棒上（24）。然后把这部分放到RoboBrrd里面试一下，看看大小是否合适，再减去多余的部分。</p><p>剪两根与上一步相同长度的雪糕棒。</p><p><img src=\"http://7te8bu.com1.z0.glb.clouddn.com/uploads/new/article/740_740/201511/564001fc38f1c.png\"></p><p>剪两个雪糕棒，其长度略大于伺服马达宽度+咖啡棍+雪糕棒的这一部分。把他们粘到之前一对的雪糕棒上作为底座（28）。</p><p>测量一下你需要这两个底座有多远的距离。它们应该比伺服电动机的长度略长。剪两个小棍并且把底座粘到一起（29）。</p><h3>第九步：制作翅膀联动底座（下）</h3><p>粘上两个雪糕棒，将两个底座的顶端连接起来（30）。</p><p><img src=\"http://7te8bu.com1.z0.glb.clouddn.com/uploads/new/article/740_740/201511/564002602dd87.png\"></p><p>试着转动一下伺服马达，并且轻轻给底座施压来测试底座是否足够牢固和稳定。如果你想让它更牢固，请尽情地发挥创造力吧。</p><p>好了，现在我们已经有两个翅膀的马达了，下面需要把它们安置到RoboBrrd的内部。这部分应该稍稍靠向前面板，但是不要靠得太近以至于移动的时候会有阻碍或者磕碰。调整好了位置之后，粘到上面。</p><h3>第十步：制作鸟嘴联动底座</h3><p><img src=\"http://7te8bu.com1.z0.glb.clouddn.com/uploads/new/article/740_740/201511/5640026e818d2.png\"></p><p>嘴部是整个RoboBrrd最具挑战性的一部分，下面的步骤需要你有很大的耐心，所以，如果你已经觉得累了就先休息一下吧。制作嘴部联动的步骤与翅膀非常相似，而且仍然要用到雪糕棒和咖啡棍。</p><p>检查一下伺服电动机的大小和边缘位置，大多数的运动应该位于靠近鸟嘴的位置。</p><p>与之前的步骤一样，来做一模一样的马达支架。</p><p>测量并决定这个马达部分要放到RoboBrrd内部的位置，再强调一遍，不要离鸟嘴太远。在RoboBrrd的底座支架上用铅笔做记号。</p><p><img src=\"http://7te8bu.com1.z0.glb.clouddn.com/uploads/new/article/740_740/201511/5640027071b53.png\"></p><p>取一根雪糕棒，在圆头的一端戳个孔。比照一下电动机叶片的长度，确保这个小棍的长度足够完全使鸟嘴完全开合（32）。（opps，原作者的编号中漏过了31号^_^）这跟小棍将作为电动机叶片的延展部分，暂且称之为延伸棒。</p><p>如果嘴部的骨架够不到这个延伸棒，可能需要再粘一根雪糕棒上去来延长一下嘴部的结构。然后不要忘记在尾部打孔。</p><p>当确定了延伸棒的长度之后，减去多余的部分。</p><h3>第十一步：制作鸟嘴联动底座（下）</h3><p>将嘴部的结构同延伸棒用线穿起来。</p><p>将延伸棒与马达叶片粘起来。</p><p>测试一下，确保嘴部在动的时候没有不必要阻力，而且能够完全开合（33）。如果感觉到一些阻碍，请确认雪糕棒都足够长，并且检查一下延伸棒是不是足够长。</p><p>反复地试验和调整，知道嘴部能够自由地活动。也许这个部分需要一定的耐心，但是最后当嘴部自由开合的时候你会发现所有的工作都是值得的。</p><p><img src=\"http://7te8bu.com1.z0.glb.clouddn.com/uploads/new/article/740_740/201511/5640027307aaf.png\"></p><p>按照之前做好的标记把马达部分粘进去。这部非常关键，因为如果有不合适的地方，在后面的过程中来修理将会非常麻烦。所以请再三检查确保每个部件都能按照需要自由活动。</p><p>恭喜你！现在嘴部的联动已经完成了！ </p><h3>第十二步：准备电子零件</h3><p><img src=\"http://7te8bu.com1.z0.glb.clouddn.com/uploads/new/article/740_740/201511/56400299c3138.png\"></p><p>电子零件的准备取决于你想要在你专属的RoboBrrd中使用什么零件来实现什么样的功能。下面这些可以作为参考，然后在接下来的制作中确保已经拥有全部你需要的零件。</p><p>Arduino和Proto Screw Shield：检查你的Arduino板子是否能正常工作。如果你有Proto Screw Shield，那就太好了，我们强烈推荐这个零件。<a href=\"http://ladyada.net/make/protoscrewshield/\" target=\"_blank\">这个教程</a>可以告诉你如何将它组装起来。</p><p>稳压电路：你需要一个LM317，240欧姆电阻，5000欧姆的变阻器，一个电池来从外部给电动机供电，一个10微法的电容，导线，散热器，以及螺丝和螺母。这些必要的工具适用于使用一个以上的伺服马达，因为Arduino能提供的电流不足够给这些马达。</p><p>LED PWM眼睛：如果不适用Arduino来控制LED眼睛的颜色的话，则需要一个PWM变换芯片来实现。这里需要一个TLC5940，一个DIP插座，2000欧和10000欧的电阻，以及导线。关于TLC5940，<a href=\"http://www.arduino.cc/playground/Learning/TLC5940\" target=\"_self\">Arduino的官方教程</a>上有详细的说明。</p><p>伺服马达插头：插头的数目是伺服马达的三倍（分别给信号，电压和零线）。</p><p>导线：你需要准备充足的导线，最好是实芯、21号、不同颜色（红/黑/棕/橙/紫等等）</p><h3>第十三步：LM317稳压器&元件插头（上）</h3><p><img src=\"http://7te8bu.com1.z0.glb.clouddn.com/uploads/new/article/740_740/201511/564002dda3040.png\"></p><p>由于Arduino的输出电流有限，我们不能用它直接给所有电动机供电。LM317稳压器能够让外接电池来给他们供电。同理，带有5V输出电压的7805芯片也可以实现该功能，如果你对电子电路系统动手能力很强的话，有很多方法可以实现电力供应。</p><p>开始之前，查看一下伺服电动机所需电压。在下面的步骤中我们将使用5V作为操作电压。</p><p>我们需要插座来使用LM317，这样如果它坏掉了可以很容易地进行更换。</p><p>如果你有一些其他的部件，在制作电路中也许会很有用哦。</p><p>LM317用需要一个输入电压，然后在它内部发生一些神奇的事情，最后我们就可以得到一个调整后的电压了。</p><p>点击查看<a href=\"http://www.national.com/ds/LM/LM117.pdf\" target=\"_self\">LM317的规格书</a>， 我们在Vout后面链接一个10微法的电容从而使输出电压更加平稳。</p><h3>第十四步：LM317稳压器&元件插头（中）</h3><p><img src=\"http://7te8bu.com1.z0.glb.clouddn.com/uploads/new/article/740_740/201511/56400321b656e.png\"></p><p>如图（34）是等效电路图。</p><p>焊接这个电路的时候需要注意下面的几点：</p><p>时刻注意Adj和Vin的位置；</p><p>可调节电阻有三个针脚，用两个距离最近的针脚来得到所需的电阻值；</p><p>电容的输出电压在正极一端，所以要在正极接线从而得到平稳的电压。同时，负极需要接地。</p><p>当电路连接完毕后，我们要进行测试。</p><p>将电池接通到电路中，如果电路冒烟了或者LM317发烫则要立刻断开电源。电路中一定有链接错误的地方，按照之前的步骤一步一步检查，并且对照电路图找到连接错误的地方。</p><h3>第十五步：LM317稳压器&元件插头（下）</h3><p><img src=\"http://7te8bu.com1.z0.glb.clouddn.com/uploads/new/article/740_740/201511/564003388096a.png\"></p><p>将万用表调至电压模式，两段分别接在稳压后的输出和零线上。当我们调节电阻的时候就可以看到电压的变化。</p><p>将电压调节至5V，或者调到尽可能接近5V（强迫症患者们请保重……）。需要提醒的是，对于伺服电动机来说，略微低于标准电压要好过高电压。</p><p>剪三个针脚作为伺服电动机的插头，针脚越长，焊接的时候就更容易一些。</p><p>将左侧的插头焊接在Arduino相应的针脚（孔）上。最好不要占用interrupt或者UART针脚以免以后需要用到它们。</p><p>将右侧的插头全部焊到一起，他们将一起连到零线上。再把Proto Screw Shield上的零线连进来。</p><p>测试一下电压确保电路中没有短路或者反向。</p><h3>第十六步：TLC5940 PWM调制</h3><p>如果不用Arduino MEGA来控制LED眼睛的颜色的话，我们考虑使用TLC5940 PWM 变换器。这个集成电路能够提供每个通道4096级别的PWM调制，也适用于多通道调节。这里需要提醒一下，本文原作者在制作过程中发现伺服电动机与TLC5940库同时使用时会发生错误。当你决定如何控制LED时需要考虑一下这点。下面的步骤只是门介绍TLC5940，如果使用其他方法可以掠过以下步骤。</p><p>TLC5940电路和教程可以从<a href=\"http://www.arduino.cc/playground/Learning/TLC5940\" target=\"_blank\">Arduino官网教程</a>中找到。</p><p><img src=\"http://7te8bu.com1.z0.glb.clouddn.com/uploads/new/article/740_740/201511/564003396feef.png\"></p><p>最好使用一个DIP插座来安置TLC5940的IC以防其出现任何故障，这样的话可以很方便地进行更换。</p><p>注意一下，使用这个IC的时候LED不要连接零线，而是链接5V线。这与LED通常情况下的工作情形相反。</p><p>你可以将LED直接焊接到主板上，也可以只用插头。LED烧毁或者损坏的概率非常低，这里可以不用担心以后的更换。</p><p><img src=\"http://7te8bu.com1.z0.glb.clouddn.com/uploads/new/article/740_740/201511/56400375929ae.png\"></p><p>连接Arduino以测试TLC5940，<a href=\"http://www.arduino.cc/playground/Learning/TLC5940\" target=\"_blank\">测试代码点这里</a>。</p><p><img src=\"http://7te8bu.com1.z0.glb.clouddn.com/uploads/new/article/740_740/201511/564003765c7f5.png\"></p><p>运行代码，LED应该可以改变颜色了。如果不能，则返回之前的步骤检查电路中是否有链接错误。</p><h3>第十七步：添加传感器</h3><p>添加什么种类的传感器完全取决你所设想的RoboBrrd的配置。连接过程中要确保导线足够长将传感器没有任何拉扯地连接到Proto Screw Shield上，但同时还要避免导线过长而绞到马达上。</p><p><img src=\"http://7te8bu.com1.z0.glb.clouddn.com/uploads/new/article/740_740/201511/564003a2cf02e.png\"></p><p>如果要添加一个光敏电阻（LDR），可能要用到上拉电阻或者下拉电阻。LDR都有所不同，所以首先要在案板上测试一下。</p><p>如果我们要添加倾斜球开关，在不用Arduino内部电阻的情况下这里需要添加一个上拉电阻。更多关于倾斜传感器的信息可以在<a href=\"http://www.ladyada.net/learn/sensors/tilt.html\" target=\"_self\">这里</a>找到。</p><p>被动式红外传感器（PRI）通常需要变阻器来调节。还有很多种方法可以改造PRI从而有不同的表现功能，<a href=\"http://www.ladyada.net/learn/sensors/pir.html\" target=\"_self\">Ladyada的PIR教程</a>对其有很详细的说明。</p><p>运行测试代码并将传感器的输出值显示出来，从而来测试传感器是否正常工作。在Arduino的官网上能够很容易地找到相关测试代码。</p><h3>第十八步：测试，再测试！（上）</h3><p>友情提示：距离完成这个机器人只剩下最后几步了，当它真正动起来的时候不要太激动哦。当然，这种情况经常发生，不过也许仍然会有一些小故障等着你去发现。所以，不要过于激动或是灰心，保持耐心，当所有bug都被解决之后你的机器人就会动起来了。加油。</p><p><img src=\"http://7te8bu.com1.z0.glb.clouddn.com/uploads/new/article/740_740/201511/564003fcce984.png\"></p><p>首先要测量的是，当外部电池接通的时候，伺服电动机会跳动一下。先接通一个电动机，其活动方向取决于你如何焊接其针脚。小心不要弄混了信号线和零线。如果电动机接通时跳动了一下，证明它可以收到电压，反之证明没有电压与之连接，可能是连线错了或者其他哪个零件出现了问题。可以拔掉所有的连线重新连接或者一点一点找到问题。</p><p>在Arduino&gt;Examples&gt;Servo菜单中找到Sweep代码例子。我们需要改变指示接口的变量变成当前电动机的接口。代码修改好之后将其上传到Arduino上，如果没有跳动，则检查一下右侧的接口以及是否牢固连接上了。如果仍然不能工作，说明有可能LM317电路有错误或者故障。这时候依然需要耐心地找到并且解决问题。</p><p>一个一个地将伺服电动机加进来直到所有的电动机都能工作。有的时候如果马达变得不像开始时候那么有力度了，有可能是LM317的输出电压有所改变。用万用变测量一下此时的电压，然后调整变阻器使电压重新变为5V。</p><p>当测试完伺服电动机之后，断开电池的连接。我们一会儿再决定这些电动机到底要如何工作，不过现在它们已经一切准备就绪了。 </p><p>用PWM的测试代码或者TLC5940的代码来测试LED。如果不能工作，先检查一下是否正确地连接了所有针脚。如果TLC5940仍然不工作，回到电路中查找问题的所在。</p><p>我们之前已经测试过了所有的传感器，不过现在可以再检查一遍确保一切顺利。在终端中用Arduino示例代码来显示出传感器的测量值。如果传感器不工作，检查所有的连接是否正确。</p><h3>第十九步：测试，再测试！（下）</h3><p>如果一切顺利的话，下面我们进行电动机的边界测试。这里仍然选择用Arduino Servo库中的Sweep示例代码。我们要分别设定上限和下限，以免过度的活动损坏了结构。</p><p><img src=\"http://7te8bu.com1.z0.glb.clouddn.com/uploads/new/article/740_740/201511/56400414be606.png\"></p><p>最简单的方法是观察电动机在0/90/180度的位置。这样可以知道当翅膀向上或者向下时候电动机的角度。</p><p>在每个边界减少30度来看看是否电动机在任何位置有减少一些压力。当电动机能够在适当的范伟内自由活动时（可以通过声音和电动机的散热来判断），记下此时的边界。后面我们设计RoboBrrd动作的时候这些数据会非常重要。对每个伺服电动机重复这个步骤。</p><p>现在，我们有了活动的范围、LED、传感器，恭喜！</p><h3>第二十步：组装&装饰</h3><p><img src=\"http://7te8bu.com1.z0.glb.clouddn.com/uploads/new/article/740_740/201511/5640043045628.png\"></p><p>这时候我们再次拿起之前做好的RoboBrrd部件，现在要把它们组装起来并加上装饰。这里我们可以用到毛毡、泡沫、刷子条、以及几片羽毛。尽情地释放你的想象力吧！你想象中属于自己的RoboBrrd是什么样的，就把它做成那个样子！</p><p>装饰鸟嘴只需要三块毛毡就可以了。两片覆盖在上下两个三角上，第三片加载中间把两个部分连接在一起。再加个舌头也是不错的主意（35）。</p><p><img src=\"http://7te8bu.com1.z0.glb.clouddn.com/uploads/new/article/740_740/201511/56400430d776f.png\"></p><p>如果你的RoboBrrd有底座和支架，要在装饰的过程中留意它各个部分的活动，不要让装饰物影响了它的机械活动。</p><p>用雪糕棒搭的三角形翅膀（36）可以用羽毛装饰，这里你可以用胶水直接把雪糕棒粘到电动机叶片上。</p><p>用尼龙搭扣粘好顶部和背部面板可以在不破坏外部包装的情况下方便地维修内部零件。</p><p>在后面板上，给任何现有或者可能的线留出孔来，比如，Arduino需要一个大一些的孔来连接USB线。</p><p><img src=\"http://7te8bu.com1.z0.glb.clouddn.com/uploads/new/article/740_740/201511/564004319b064.png\"></p><p>其他的就看你的自由发挥和创造了。</p><h3>第二十一步：基本动作编程</h3><p><img src=\"http://7te8bu.com1.z0.glb.clouddn.com/uploads/new/article/740_740/201511/56400457481a0.png\"></p><p>在赋予这个“鸟人”更多复杂表情和动作之前，首先我们要学会如何让它有一些基本的动作。本文原作者的<a href=\"https://github.com/RobotGrrl/RoboBrrdMain\" target=\"_self\">Github中有很多示例代码</a>可以参考。下面给出一些动作例子：</p><blockquote><ul><li>张嘴：将嘴部从初始位置移动到全部张开的位置。如果想要加入一些挑战电话，可以让它从任何位置开始张开。</li><li>闭嘴：将嘴部从张开的状态变成咬合状态。</li><li>向左/右转：如果RoboBrrd有底座和相应的伺服马达的话，它可以任意向左右旋转。</li><li>向上/下倾斜：RoboBrrd可以慢慢地向上或者向下倾斜。倾斜动作可能有一定难度，因为在旋转点上会有很大的重量，所以如果速度过快的话很容易失控。</li></ul></blockquote><p>其它任何你想要的动作，都试着让RoboBrrd做一下吧。</p><h3>第二十二步：表现动作编程</h3><p>我们可以在RoboBrrd的程序里发挥任何创造力来展示我们造了一个炫酷的机器人。在这里我们鼓励所有制作者设计属于自己的富有创造性的RoboBrrd。下面是一些主意希望可以对大家有所启发：</p><blockquote><ul><li><strong>动作感应与回应：</strong>当PIR传感器被触发的时候让RoboBrrd扇动它的翅膀或者发出一些声音。</li><li><strong>光线感应：</strong>当LDR传感器被触发的时候让RoboBrrd动起来。也许当两个LDR都探测到黑暗的时候让RoboBrrd躲起来！</li><li><strong>叽叽喳喳：</strong>让RoboBrrd发出各种声音。或许可以让它叽叽喳喳唱出一些旋律来。</li><li><strong>被动表现：</strong>在RoboBrrd自己发呆的时候，让它时不时地动动翅膀和嘴。这样会让路过的人知道它是“活”的，让后来调戏它。</li><li><strong>社交网络：</strong>给RoboBrrd加一个Xbee然后让它能与你的电脑、互联网、甚至其他RoboBrrd互动！这是更高级的一个阶段但会是非常有趣。关于这些可以在网站RobotGrrl.com上找到相关的代码。</li><li><strong>自定义动作：</strong>创造一些新奇有趣的表现吧。Just have fun!</li></ul></blockquote><h3>最后一步：分（xuan）享（yao）</h3><p>向小伙伴儿们展示你的机器人吧！或者与其他制作者交流一下心得，大家的RoboBrrd都有什么功能？都用了什么元件？大家都有什么头疼的或者好玩儿的bug？有什么挑战？从中学到了什么？每个人都想知道这些。</p><p><iframe frameborder=\"0\" width=\"740\" height=\"498\" src=\"http://v.qq.com/iframe/player.html?vid=r0172aim2er&tiny=0&auto=0\" allowfullscreen=\"\"></iframe></p><p>好了，说了这么多，无论你是否学会了制作自己的RoboBrrd，无论你的小“鸟人”有多萌多丑多智能多蠢多可爱，我们希望你很享受动手制作和发明创造的过程！</p>', 'yi-zhi-qi-pa-de-ji-qi-niao-shi-zen-me-lian-cheng-de', '0', '1', '1447104057', '1447104057', '1447104057', '1');
INSERT INTO `post` VALUES ('71', '1', '世界第一款个人计算机再次拍卖，10万起', '也许很多人都不知道Kenbak-1数字计算机的历史，但它可是世界上第一台在市面销售的个人计算机——而现在，这台计算机又要进行出售了。1971年，John Blankenbaker向全世界发布了这台当时售价750美元的机器——Kenbak-1的诞生比现在更出名的Altair 8800和Apple I还要早，但比Datapoint 2200稍晚——其主要是销往学校进行计算机教育。Kenbak-1没有一...', '<p>也许很多人都不知道Kenbak-1数字计算机的历史，但它可是世界上第一台在市面销售的个人计算机——而现在，这台计算机又要进行出售了。</p><p>1971年，John Blankenbaker向全世界发布了这台当时售价750美元的机器——Kenbak-1的诞生比现在更出名的Altair 8800和Apple I还要早，但比Datapoint 2200稍晚——其主要是销往学校进行计算机教育。</p><p>Kenbak-1没有一个微处理器，内存仅为256字节。同时，迄今为止其总产量不超过50台，而在过去的几年中，仍有数台被翻出来拍卖。据了解，Kenbak-1最近一次的拍卖价格为3.1万美元（约合人民币19.7万元）。现在，另一台Kenbak-1也准备在德国拍卖行布雷克进行拍卖了，起拍价为1.5万欧元（约合人民币10.2万元）。</p>', 'shi-jie-di-yi-kuan-ge-ren-ji-suan-ji-zai-ci-pai-mai10wan-qi', '16', '1', '1447104099', '1447104099', '1447104099', '17');
INSERT INTO `post` VALUES ('72', '1', '你不可不知的几款新潮无线耳机', '如果你也喜欢沉浸在音乐的世界里，那么一款无线耳机就是必备，既拉风又便捷。小编搜罗了海外众筹中几款与众不同的无线耳机。用这么潮的无线耳机听音乐，估计要听出高潮来吧。PUGZ 18K金无线耳机有电时，它是无线耳机没电时，它是有线耳机无线耳机？有线耳机？傻傻分不清楚。这是一款神奇的耳机，由美国纽约的一支开发团队推出的无线耳机 PUGZ，虽然叫作无线耳机，但是 PUGZ 是有线的，而且当耳机没电时，还可以...', '<p>如果你也喜欢沉浸在音乐的世界里，那么一款无线耳机就是必备，既拉风又便捷。小编搜罗了海外<a target=\"_blank\" href=\"http://www.leiphone.com/tag/%E4%BC%97%E7%AD%B9\" title=\"众筹\">众筹</a>中几款与众不同的无线耳机。用这么潮的无线耳机听音乐，估计要听出高潮来吧。</p><blockquote><strong>PUGZ 18K金无线耳机</strong><br />有电时，它是无线耳机<br />没电时，它是有线耳机</blockquote><p><img src=\"http://7te8bu.com1.z0.glb.clouddn.com/uploads/new/article/740_740/201511/563b19ba6ac4b.jpg\" /></p><p>无线耳机？有线耳机？傻傻分不清楚。这是一款神奇的耳机，由美国纽约的一支开发团队推出的无线耳机 PUGZ，虽然叫作无线耳机，但是 PUGZ 是有线的，而且当耳机没电时，还可以把它当做有线耳机用，插上手机接着听。PUGZ 无线耳机采用了 CSR 的 aptX 音频压缩技术克服了标准蓝牙技术中的一些带宽障碍，通过无线蓝牙连接提供CD级立体声音频。aptX 技术彰显了蓝牙连接中优越的立体声音频质量，并且其完整的音频频率带宽与高保真性能相符，<a href=\"http://www.leiphone.com/news/201509/Bq5mEL4lJkefsiaN.html\" target=\"_blank\">更多信息看这里</a>。现有2种款式，入耳式和耳塞式，有白、红、粉、黑4种颜色供用户可选，零售价199美元。【众筹成功】</p><p><a href=\"http://haitao.leiphone.com/s/1700\" target=\"_blank\" title=\"PUGZ 18K金无线耳机\"><img src=\"http://7te8bu.com1.z0.glb.clouddn.com/uploads/haitao/product/pic/201509/55ebef58c7d07.jpg?imageMogr2/thumbnail/!515x386r/gravity/Center/crop/515x386/quality/90\" alt=\"PUGZ 18K金无线耳机\" /></a><span class=\"tags\"><em></em>知趣</span></p><p><a href=\"http://haitao.leiphone.com/s/1700\" class=\"ads-name\" target=\"_blank\">PUGZ 18K金无线耳机</a><a>￥1666.00</a> <a>已售：3</a></p><a href=\"http://haitao.leiphone.com/s/1700\" target=\"_blank\" class=\"ads-btn\">点击购买</a><blockquote><strong>Pearbuds 立体声无线耳机</strong><br />纽扣大小能提供 CD 级立体声音效</blockquote><p><img src=\"http://7te8bu.com1.z0.glb.clouddn.com/uploads/new/article/740_740/201511/563b19bb11c13.jpg\" /></p><p>一支来自美国旧金山的开发团队推出了一款无线耳机 Pearbuds ，并号称是世界上最小的立体声无线耳机，只有纽扣大小，8克的重量，超轻巧佩戴无负担。体积虽然小，但别小瞧了它。Pearbuds 内置平衡电枢音频转换器防止音效失真，而且还采用了 aptX 音频压缩解码技术，力求给用户带来最好的音乐体验，<a href=\"http://www.leiphone.com/news/201509/vtYEUfqLWyK8Nnew.html\" target=\"_blank\">更多信息看这里</a>。需要注意，Pearbuds 已经改名为Truebuds， 零售价199美元。【众筹成功】</p><p><a href=\"http://haitao.leiphone.com/s/1731\" target=\"_blank\" title=\"Pearbuds 立体声无线耳机\"><img src=\"http://7te8bu.com1.z0.glb.clouddn.com/uploads/haitao/product/pic/201509/55f16257c5514.jpg?imageMogr2/thumbnail/!515x386r/gravity/Center/crop/515x386/quality/90\" alt=\"Pearbuds 立体声无线耳机\" /></a><span class=\"tags\"><em></em>知趣</span></p><p><a href=\"http://haitao.leiphone.com/s/1731\" class=\"ads-name\" target=\"_blank\">Pearbuds 立体声无线耳机</a><a>￥1899.00</a> <a>已售：1</a></p><a href=\"http://haitao.leiphone.com/s/1731\" target=\"_blank\" class=\"ads-btn\">点击购买</a><blockquote><strong>HELIX 手环蓝牙耳机</strong><br />用起来像吊坠，戴起来像手环</blockquote><p><img src=\"http://7te8bu.com1.z0.glb.clouddn.com/uploads/new/article/740_740/201511/563b19bb82c93.png\" /></p><p>一家来自美国加州旧金山的 Ashley Chloe 公司推出了一款蓝牙耳机 HELIX，看上去更像一个精致的手镯，戴起来像吊坠，特别时尚美观。HELIX 其实是一款藏身于手环的蓝牙耳机，用户可以随时戴在手腕上当装饰品。手环上有细细的凹槽，可以收纳耳机线，而一端的金属盖可以收入耳机听筒，另外一端则将吊坠部分直接嵌入到手环中。这种收纳方式既方便又时尚，<a href=\"http://www.leiphone.com/news/201509/p8WF6V7h3NyliQLn.html%20%E6%97%A0%E7%BA%BF%E8%80%B3%E6%9C%BA\" target=\"_blank\">更多信息看这里</a>。现有经典款和土豪金款，经典款有黑、白两色可选，并搭配银色或香槟色的金属盖，零售价199美元；而土豪金款是骚红色的腕带搭配18 K镀金的金属盖，零售价299美元。【众筹成功】</p>', 'ni-bu-ke-bu-zhi-de-ji-kuan-xin-chao-wu-xian-er-ji', '44', '1', '1447104195', '1447104195', '1447124127', '48');
INSERT INTO `post` VALUES ('73', '1', '技德发布299元电脑主机Remix Mini，将混搭风进行到底！', '几个月前，技德科技在美国众筹网站上线了一款与电视盒子外观极其相近的产品——Remix Mini。2015年11月8日晚，在三里屯的橙色大厅，技德召开了这款产品的发布会。作为一家创业公司，Remix Mini在北美的众筹结果还是非常喜人的，CEO周哲在现场表示，Mini已经成为了Kickstarter上中国产品众筹金额的第一名。技德科技CEO周哲今晚发布的Remix Mini被定为一台不需关机的An...', '<p>几个月前，技德科技在美国<a target=\"_blank\" href=\"http://www.leiphone.com/tag/%E4%BC%97%E7%AD%B9\" title=\"众筹\">众筹</a>网站上线了一款与电视盒子外观极其相近的产品——Remix Mini。2015年11月8日晚，在三里屯的橙色大厅，技德召开了这款产品的发布会。</p><p>作为一家创业公司，Remix Mini在北美的众筹结果还是非常喜人的，CEO周哲在现场表示，Mini已经成为了<a target=\"_blank\" href=\"http://www.leiphone.com/tag/Kickstarter\" title=\"Kickstarter\">Kickstarter</a>上中国产品众筹金额的第一名。</p><p><img src=\"http://7te8bu.com1.z0.glb.clouddn.com/uploads/new/article/740_740/201511/563f73a64240a.jpg\" /></p><p>技德科技CEO周哲</p><p>今晚发布的Remix Mini被定为一台不需关机的Android电脑，不过见惯了Android旗舰机的配置后，Mini的参数只能说是中规中矩：Allwinner 64位4核 CPU；Mali400MP2 GPU；1GB/2GB RAM；8/16GB ROM内存+可拓展；以太网端口；HDMI端口、2×USB 2.0端口；耳机插孔；microSD卡槽。</p><p>对于很多人来说，提到Android系统脑子里第一时间想到永远是手机和平板。即使是Google在桌面级系统中，也拥有与之对应的Chrome OS，两者之间有一个本质的区别就在于有无触摸。技德想要让大众认可Android电脑，首先需要解释为什么他们要这么做。</p><p>Android系统的优势在于开放，也因此积累下了足够多的软件资源。虽然今天主流的桌面操作系统依然是Windows，但很多PC上的软件在移动设备上已经很少被提及（这里介绍了PC和手机的游戏，如扫雷和愤怒的小鸟）。在用户已经习惯了Android应用后，想要在桌面级电脑上使用并且获得同样的体验，对于Windows和Chrome OS来说，兼容性是非常大的问题。</p><p>Remix OS是基于Android深度定制的操作系统，据周哲介绍，这款OS最大的特色就在于「PC的体验，Android的资源」。</p><p>雷锋网此前针对技德的软硬件产品做过评测分析，系统在设计上大量借鉴了Windows和OS X的成熟设计，这样的结果就是用户使用起来并没有任何学习门槛，使用习惯得以延续。而在软件上由于依托Android的资源，并且采用了「窗口模式」显示Android应用，并不用担心屏幕适配的问题。</p><p>在现场的OS演示视频中，记者注意到2.0版本的几个小细节。消息推送会像OS X一样在右上角弹出，在全屏播放视频时回复消息并不会影响视频播放；通过快捷键切换应用如同Windows；全屏游戏过程中有QQ视频，接通后游戏和视频框悔意窗口模式显示；文件管理器可同时打开多个；应用窗口可以通过拖拽改变大小。</p><p><img src=\"http://7te8bu.com1.z0.glb.clouddn.com/uploads/new/article/740_740/201511/563f73a0a1d0f.jpg\" /></p><p>软件设计负责人欧阳乐山</p><p>这些都是Remix OS 2.0的一些新特色，其中也有不少已经在其他操作系统中存在。针对系统，技德一直在强调混搭、融合风，有意思的是OS的设计负责人是一名欧洲人，而他住在北京朝阳区，所以他给自己的中文姓氏取为欧阳。<br /></p><p>作为一款小巧的「电脑主机」，用户可以用Mini与不同的硬件混搭：Mini+显示器=个人电脑；Mini+电视=<a target=\"_blank\" href=\"http://www.leiphone.com/tag/%E6%99%BA%E8%83%BD%E7%94%B5%E8%A7%86\" title=\"智能电视\">智能电视</a>；Mini+投影机=家庭影院，不过周哲还是强调，产品最好还是与显示器、键盘鼠标相连，才能有最佳的使用体验。Remix Mini的售价为1GB内存+8GB存储版本299元；2GB内存+16GB存储版本399元，从今天开始可以从技德官网购买。</p><p>现场周哲还介绍了一个「one more little thing」，技德将会推出一个Remix OS的镜像，用户在官网下载后可以刷进U盘里，插在电脑机箱上重启后就可以使用Remix OS。</p><p>利用了安卓X86开源项目，可以支持市面上60-70%的intel处理器电脑，并且软件免费，周哲说到这里现场响起欢呼，不过这个产品还需要需要一个月的时间完善。一时间，记者想起了通过U盘作为启动盘可以重装Windows系统。</p>', 'ji-de-fa-bu299yuan-dian-nao-zhu-jiremix-mini-jiang-hun-da-feng-jin-xing-dao-di', '88', '1', '1447104242', '1447104242', '1447771465', '100');

-- ----------------------------
-- Table structure for profile
-- ----------------------------
DROP TABLE IF EXISTS `profile`;
CREATE TABLE `profile` (
  `user_id` int(11) NOT NULL,
  `name` varchar(255) DEFAULT NULL,
  `public_email` varchar(255) DEFAULT NULL,
  `gravatar_email` varchar(255) DEFAULT NULL,
  `gravatar_id` varchar(32) DEFAULT NULL,
  `location` varchar(255) DEFAULT NULL,
  `website` varchar(255) DEFAULT NULL,
  `bio` text,
  PRIMARY KEY (`user_id`),
  CONSTRAINT `fk_user_profile` FOREIGN KEY (`user_id`) REFERENCES `user` (`id`) ON DELETE CASCADE
) ENGINE=InnoDB DEFAULT CHARSET=utf8;

-- ----------------------------
-- Records of profile
-- ----------------------------
INSERT INTO `profile` VALUES ('1', 'ssdfsdf', '', 'zhepama@gmail.com', '0930091f05ac4d1044c02dbd3d619cfe', '', '', '只要你找我, 陪伴你即变成我的首要任务。');
INSERT INTO `profile` VALUES ('2', null, null, 'admin@pc47.com', 'e5c039a50de211412e122aa49f2faeff', null, null, null);

-- ----------------------------
-- Table structure for revolutionslider
-- ----------------------------
DROP TABLE IF EXISTS `revolutionslider`;
CREATE TABLE `revolutionslider` (
  `revolutionslider_id` int(11) NOT NULL AUTO_INCREMENT,
  `captions` text,
  `url` text,
  `weight` tinyint(4) DEFAULT NULL,
  PRIMARY KEY (`revolutionslider_id`)
) ENGINE=InnoDB AUTO_INCREMENT=7 DEFAULT CHARSET=utf8;

-- ----------------------------
-- Records of revolutionslider
-- ----------------------------
INSERT INTO `revolutionslider` VALUES ('4', 'a:1:{i:0;a:8:{s:1:\"x\";s:3:\"100\";s:1:\"y\";s:3:\"115\";s:5:\"speed\";s:3:\"700\";s:5:\"start\";s:4:\"1000\";s:7:\"hoffset\";s:0:\"\";s:5:\"align\";s:10:\"align-left\";s:6:\"easing\";s:11:\"easeOutBack\";s:7:\"content\";s:63:\"  <h2>\r\n                  Unity<br>Liberty<br>Solidarity\r\n                </h2>\r\n\";}}', 'https://almsaeedstudio.com/themes/AdminLTE/pages/forms/general.html', '1');
INSERT INTO `revolutionslider` VALUES ('5', 'a:2:{i:0;a:8:{s:1:\"x\";s:6:\"center\";s:1:\"y\";s:3:\"135\";s:5:\"speed\";s:3:\"700\";s:5:\"start\";s:4:\"1000\";s:7:\"hoffset\";s:0:\"\";s:5:\"align\";s:12:\"align-center\";s:6:\"easing\";s:11:\"easeOutBack\";s:7:\"content\";s:55:\" <h4 class=\"great-vibes\">it’s time for changes</h4>\r\n\";}i:1;a:8:{s:1:\"x\";s:6:\"center\";s:1:\"y\";s:3:\"220\";s:5:\"speed\";s:3:\"500\";s:5:\"start\";s:4:\"1200\";s:7:\"hoffset\";s:0:\"\";s:5:\"align\";s:12:\"align-center\";s:6:\"easing\";s:11:\"easeOutBack\";s:7:\"content\";s:40:\"<h2>Building Our Future Together!</h2>\r\n\";}}', 'https://almsaeedstudio.com/themes/AdminLTE/pages/forms/general.html', '2');
INSERT INTO `revolutionslider` VALUES ('6', 'a:2:{i:0;a:8:{s:1:\"x\";s:5:\"right\";s:1:\"y\";s:3:\"150\";s:5:\"speed\";s:3:\"700\";s:5:\"start\";s:4:\"1000\";s:7:\"hoffset\";s:4:\"-100\";s:5:\"align\";s:11:\"align-right\";s:6:\"easing\";s:11:\"easeOutBack\";s:7:\"content\";s:33:\"<h2>10 YEARS OF EXPERIENCE</h2>\r\n\";}i:1;a:8:{s:1:\"x\";s:5:\"right\";s:1:\"y\";s:3:\"225\";s:5:\"speed\";s:3:\"500\";s:5:\"start\";s:4:\"1200\";s:7:\"hoffset\";s:4:\"-100\";s:5:\"align\";s:11:\"align-right\";s:6:\"easing\";s:11:\"easeOutBack\";s:7:\"content\";s:179:\"  <p>\r\n                 Mauris fermentum dictum magna. Sed laoreet aliquam leo. Ut\r\n                  tellus dolor,<br> dapibus eget, elementum vel, cursus eleifend,\r\n                 elit.\r\n               </p>\r\n\";}}', 'https://almsaeedstudio.com/themes/AdminLTE/pages/forms/general.html', '3');

-- ----------------------------
-- Table structure for session
-- ----------------------------
DROP TABLE IF EXISTS `session`;
CREATE TABLE `session` (
  `id` char(40) CHARACTER SET latin1 NOT NULL,
  `expire` int(11) DEFAULT NULL,
  `data` blob,
  PRIMARY KEY (`id`)
) ENGINE=InnoDB DEFAULT CHARSET=utf8;

-- ----------------------------
-- Records of session
-- ----------------------------
INSERT INTO `session` VALUES ('1mu1q97id4mnsssba7otlg5r87', '1445413915', 0x5F5F666C6173687C613A303A7B7D5F5F69647C693A313B);
INSERT INTO `session` VALUES ('dhmlh5mep7pnhdpjv32obvple2', '1445614189', 0x5F5F666C6173687C613A303A7B7D5F5F69647C693A313B5F5F5048505F436F6E736F6C655F706F7374706F6E65647C613A343A7B733A33303A22313531323532353332373130363130373531333131313734363231303438223B613A323A7B733A343A2274696D65223B693A313434353631323233383B733A343A2264617461223B733A3137393A227B2270726F746F636F6C223A352C2261757468223A6E756C6C2C22646F63526F6F74223A22473A5C2F6874646F63735C2F6861737364656D6F5C2F776562222C22736F75726365734261736550617468223A6E756C6C2C226765744261636B44617461223A6E756C6C2C2269734C6F63616C223A747275652C22697353736C4F6E6C794D6F6465223A66616C73652C2269734576616C456E61626C6564223A66616C73652C226D65737361676573223A5B5D7D223B7D733A33303A22313331323734323735303134393131373339353531393538313136373836223B613A323A7B733A343A2274696D65223B693A313434353631323234313B733A343A2264617461223B733A3137393A227B2270726F746F636F6C223A352C2261757468223A6E756C6C2C22646F63526F6F74223A22473A5C2F6874646F63735C2F6861737364656D6F5C2F776562222C22736F75726365734261736550617468223A6E756C6C2C226765744261636B44617461223A6E756C6C2C2269734C6F63616C223A747275652C22697353736C4F6E6C794D6F6465223A66616C73652C2269734576616C456E61626C6564223A66616C73652C226D65737361676573223A5B5D7D223B7D733A33303A22313734343932313336363135343035383632353231303838343037343038223B613A323A7B733A343A2274696D65223B693A313434353631323238363B733A343A2264617461223B733A3137393A227B2270726F746F636F6C223A352C2261757468223A6E756C6C2C22646F63526F6F74223A22473A5C2F6874646F63735C2F6861737364656D6F5C2F776562222C22736F75726365734261736550617468223A6E756C6C2C226765744261636B44617461223A6E756C6C2C2269734C6F63616C223A747275652C22697353736C4F6E6C794D6F6465223A66616C73652C2269734576616C456E61626C6564223A66616C73652C226D65737361676573223A5B5D7D223B7D733A32383A2236373933333735343931383038353437373230353732313739353835223B613A323A7B733A343A2274696D65223B693A313434353631323239303B733A343A2264617461223B733A3137393A227B2270726F746F636F6C223A352C2261757468223A6E756C6C2C22646F63526F6F74223A22473A5C2F6874646F63735C2F6861737364656D6F5C2F776562222C22736F75726365734261736550617468223A6E756C6C2C226765744261636B44617461223A6E756C6C2C2269734C6F63616C223A747275652C22697353736C4F6E6C794D6F6465223A66616C73652C2269734576616C456E61626C6564223A66616C73652C226D65737361676573223A5B5D7D223B7D7D);
INSERT INTO `session` VALUES ('r1abvt5t4pu5ok13d6sg4io4p7', '1445487031', 0x5F5F666C6173687C613A303A7B7D5F5F69647C693A313B5F5F5048505F436F6E736F6C655F706F7374706F6E65647C613A313A7B733A32383A2236363039323436313538333537383430393332303138323837333639223B613A323A7B733A343A2274696D65223B693A313434353438353232313B733A343A2264617461223B733A3137383A227B2270726F746F636F6C223A352C2261757468223A6E756C6C2C22646F63526F6F74223A22473A5C2F6874646F63735C2F686173736170705C2F776562222C22736F75726365734261736550617468223A6E756C6C2C226765744261636B44617461223A6E756C6C2C2269734C6F63616C223A747275652C22697353736C4F6E6C794D6F6465223A66616C73652C2269734576616C456E61626C6564223A66616C73652C226D65737361676573223A5B5D7D223B7D7D);
INSERT INTO `session` VALUES ('u1e46i2a9a8updq1ih7mb9ssd1', '1445700325', 0x5F5F666C6173687C613A303A7B7D5F5F69647C693A313B5F5F5048505F436F6E736F6C655F706F7374706F6E65647C613A323A7B733A32383A2238333831313538313931323039353538363932333834383834383631223B613A323A7B733A343A2274696D65223B693A313434353639383837383B733A343A2264617461223B733A3137393A227B2270726F746F636F6C223A352C2261757468223A6E756C6C2C22646F63526F6F74223A22473A5C2F6874646F63735C2F6861737364656D6F5C2F776562222C22736F75726365734261736550617468223A6E756C6C2C226765744261636B44617461223A6E756C6C2C2269734C6F63616C223A747275652C22697353736C4F6E6C794D6F6465223A66616C73652C2269734576616C456E61626C6564223A66616C73652C226D65737361676573223A5B5D7D223B7D733A32373A22393739353831343834363139343332393737313833373431363534223B613A323A7B733A343A2274696D65223B693A313434353639383838353B733A343A2264617461223B733A3137393A227B2270726F746F636F6C223A352C2261757468223A6E756C6C2C22646F63526F6F74223A22473A5C2F6874646F63735C2F6861737364656D6F5C2F776562222C22736F75726365734261736550617468223A6E756C6C2C226765744261636B44617461223A6E756C6C2C2269734C6F63616C223A747275652C22697353736C4F6E6C794D6F6465223A66616C73652C2269734576616C456E61626C6564223A66616C73652C226D65737361676573223A5B5D7D223B7D7D);

-- ----------------------------
-- Table structure for social_account
-- ----------------------------
DROP TABLE IF EXISTS `social_account`;
CREATE TABLE `social_account` (
  `id` int(11) NOT NULL AUTO_INCREMENT,
  `user_id` int(11) DEFAULT NULL,
  `provider` varchar(255) NOT NULL,
  `client_id` varchar(255) NOT NULL,
  `data` text,
  PRIMARY KEY (`id`),
  UNIQUE KEY `account_unique` (`provider`,`client_id`),
  KEY `fk_user_account` (`user_id`),
  CONSTRAINT `fk_user_account` FOREIGN KEY (`user_id`) REFERENCES `user` (`id`) ON DELETE CASCADE
) ENGINE=InnoDB DEFAULT CHARSET=utf8;

-- ----------------------------
-- Records of social_account
-- ----------------------------

-- ----------------------------
-- Table structure for tag
-- ----------------------------
DROP TABLE IF EXISTS `tag`;
CREATE TABLE `tag` (
  `tag_id` int(11) NOT NULL AUTO_INCREMENT,
  `name` varchar(128) NOT NULL,
  `frequency` int(11) DEFAULT '0',
  PRIMARY KEY (`tag_id`),
  UNIQUE KEY `name` (`name`)
) ENGINE=MyISAM AUTO_INCREMENT=294 DEFAULT CHARSET=utf8 ROW_FORMAT=DYNAMIC;

-- ----------------------------
-- Records of tag
-- ----------------------------
INSERT INTO `tag` VALUES ('291', '让人', '1');
INSERT INTO `tag` VALUES ('290', '啊啊啊', '1');
INSERT INTO `tag` VALUES ('289', 'ddd', '2');
INSERT INTO `tag` VALUES ('285', 'sdfsdsdf', '1111');
INSERT INTO `tag` VALUES ('292', 'sss', '1');
INSERT INTO `tag` VALUES ('293', 'fff', '1');

-- ----------------------------
-- Table structure for tag_index
-- ----------------------------
DROP TABLE IF EXISTS `tag_index`;
CREATE TABLE `tag_index` (
  `tag_id` int(11) NOT NULL,
  `entity_id` int(11) NOT NULL,
  `entity` varchar(128) NOT NULL,
  KEY `item_tag` (`entity_id`,`tag_id`)
) ENGINE=MyISAM DEFAULT CHARSET=utf8 ROW_FORMAT=DYNAMIC;

-- ----------------------------
-- Records of tag_index
-- ----------------------------
INSERT INTO `tag_index` VALUES ('289', '58', 'hass\\post\\models\\Post');
INSERT INTO `tag_index` VALUES ('291', '53', 'hass\\post\\models\\Post');
INSERT INTO `tag_index` VALUES ('290', '53', 'hass\\post\\models\\Post');
INSERT INTO `tag_index` VALUES ('292', '73', 'hass\\post\\models\\Post');
INSERT INTO `tag_index` VALUES ('289', '73', 'hass\\post\\models\\Post');
INSERT INTO `tag_index` VALUES ('293', '73', 'hass\\post\\models\\Post');

-- ----------------------------
-- Table structure for taxonomy
-- ----------------------------
DROP TABLE IF EXISTS `taxonomy`;
CREATE TABLE `taxonomy` (
  `taxonomy_id` int(11) unsigned NOT NULL AUTO_INCREMENT,
  `slug` varchar(128) DEFAULT NULL,
  `name` varchar(128) DEFAULT NULL,
  `description` text,
  `tree` int(11) DEFAULT NULL,
  `lft` int(11) DEFAULT NULL,
  `rgt` int(11) DEFAULT NULL,
  `depth` int(11) DEFAULT NULL,
  `status` tinyint(1) DEFAULT '1',
  PRIMARY KEY (`taxonomy_id`)
) ENGINE=InnoDB AUTO_INCREMENT=45 DEFAULT CHARSET=utf8;

-- ----------------------------
-- Records of taxonomy
-- ----------------------------
INSERT INTO `taxonomy` VALUES ('4', 'xin-wen', '新闻', '是的冯绍峰', '4', '1', '8', '0', '1');
INSERT INTO `taxonomy` VALUES ('37', 'fa-xian', '发现', '', '4', '6', '7', '1', '1');
INSERT INTO `taxonomy` VALUES ('38', 'xin-xian', '新鲜', '', '4', '2', '3', '1', '1');
INSERT INTO `taxonomy` VALUES ('39', 'wei-wu', '唯物', '', '4', '4', '5', '1', '1');
INSERT INTO `taxonomy` VALUES ('40', 'xiang-ce', '相册', '', '40', '1', '10', '0', '1');
INSERT INTO `taxonomy` VALUES ('41', 're-men', '热门', '', '40', '2', '3', '1', '1');
INSERT INTO `taxonomy` VALUES ('42', 'mei-nu', '美女', '', '40', '4', '5', '1', '1');
INSERT INTO `taxonomy` VALUES ('43', 'qu-tu', '趣图', '', '40', '6', '7', '1', '1');
INSERT INTO `taxonomy` VALUES ('44', 'an-li-2', '案例', '', '40', '8', '9', '1', '1');

-- ----------------------------
-- Table structure for taxonomy_index
-- ----------------------------
DROP TABLE IF EXISTS `taxonomy_index`;
CREATE TABLE `taxonomy_index` (
  `taxonomy_index_id` int(11) NOT NULL AUTO_INCREMENT COMMENT '主要用于排序使用',
  `entity_id` int(11) unsigned NOT NULL DEFAULT '0',
  `taxonomy_id` int(11) unsigned NOT NULL DEFAULT '0',
  `entity` varchar(128) DEFAULT NULL,
  PRIMARY KEY (`taxonomy_index_id`),
  KEY `term_taxonomy_id` (`taxonomy_id`),
  KEY `entity_id, entity` (`entity_id`,`entity`) USING BTREE
) ENGINE=InnoDB AUTO_INCREMENT=65 DEFAULT CHARSET=utf8 ROW_FORMAT=COMPACT;

-- ----------------------------
-- Records of taxonomy_index
-- ----------------------------
INSERT INTO `taxonomy_index` VALUES ('14', '58', '38', 'hass\\post\\models\\Post');
INSERT INTO `taxonomy_index` VALUES ('15', '57', '37', 'hass\\post\\models\\Post');
INSERT INTO `taxonomy_index` VALUES ('16', '56', '37', 'hass\\post\\models\\Post');
INSERT INTO `taxonomy_index` VALUES ('17', '56', '39', 'hass\\post\\models\\Post');
INSERT INTO `taxonomy_index` VALUES ('18', '54', '38', 'hass\\post\\models\\Post');
INSERT INTO `taxonomy_index` VALUES ('19', '54', '37', 'hass\\post\\models\\Post');
INSERT INTO `taxonomy_index` VALUES ('20', '53', '38', 'hass\\post\\models\\Post');
INSERT INTO `taxonomy_index` VALUES ('21', '53', '37', 'hass\\post\\models\\Post');
INSERT INTO `taxonomy_index` VALUES ('22', '53', '39', 'hass\\post\\models\\Post');
INSERT INTO `taxonomy_index` VALUES ('23', '65', '38', 'hass\\post\\models\\Post');
INSERT INTO `taxonomy_index` VALUES ('24', '65', '37', 'hass\\post\\models\\Post');
INSERT INTO `taxonomy_index` VALUES ('25', '64', '38', 'hass\\post\\models\\Post');
INSERT INTO `taxonomy_index` VALUES ('26', '64', '37', 'hass\\post\\models\\Post');
INSERT INTO `taxonomy_index` VALUES ('27', '64', '39', 'hass\\post\\models\\Post');
INSERT INTO `taxonomy_index` VALUES ('28', '63', '38', 'hass\\post\\models\\Post');
INSERT INTO `taxonomy_index` VALUES ('29', '63', '37', 'hass\\post\\models\\Post');
INSERT INTO `taxonomy_index` VALUES ('30', '66', '37', 'hass\\post\\models\\Post');
INSERT INTO `taxonomy_index` VALUES ('31', '66', '39', 'hass\\post\\models\\Post');
INSERT INTO `taxonomy_index` VALUES ('32', '67', '38', 'hass\\post\\models\\Post');
INSERT INTO `taxonomy_index` VALUES ('33', '67', '37', 'hass\\post\\models\\Post');
INSERT INTO `taxonomy_index` VALUES ('34', '69', '38', 'hass\\post\\models\\Post');
INSERT INTO `taxonomy_index` VALUES ('35', '69', '37', 'hass\\post\\models\\Post');
INSERT INTO `taxonomy_index` VALUES ('36', '70', '38', 'hass\\post\\models\\Post');
INSERT INTO `taxonomy_index` VALUES ('37', '70', '39', 'hass\\post\\models\\Post');
INSERT INTO `taxonomy_index` VALUES ('38', '70', '37', 'hass\\post\\models\\Post');
INSERT INTO `taxonomy_index` VALUES ('39', '71', '38', 'hass\\post\\models\\Post');
INSERT INTO `taxonomy_index` VALUES ('40', '71', '39', 'hass\\post\\models\\Post');
INSERT INTO `taxonomy_index` VALUES ('41', '71', '37', 'hass\\post\\models\\Post');
INSERT INTO `taxonomy_index` VALUES ('56', '72', '38', 'hass\\post\\models\\Post');
INSERT INTO `taxonomy_index` VALUES ('57', '72', '39', 'hass\\post\\models\\Post');
INSERT INTO `taxonomy_index` VALUES ('58', '72', '37', 'hass\\post\\models\\Post');
INSERT INTO `taxonomy_index` VALUES ('59', '68', '39', 'hass\\post\\models\\Post');
INSERT INTO `taxonomy_index` VALUES ('60', '62', '39', 'hass\\post\\models\\Post');
INSERT INTO `taxonomy_index` VALUES ('64', '73', '39', 'hass\\post\\models\\Post');

-- ----------------------------
-- Table structure for template
-- ----------------------------
DROP TABLE IF EXISTS `template`;
CREATE TABLE `template` (
  `template_id` int(11) DEFAULT NULL,
  `entity` varchar(50) DEFAULT NULL,
  `entity_id` int(11) DEFAULT NULL,
  `path` varchar(50) DEFAULT NULL
) ENGINE=InnoDB DEFAULT CHARSET=utf8;

-- ----------------------------
-- Records of template
-- ----------------------------

-- ----------------------------
-- Table structure for timeline
-- ----------------------------
DROP TABLE IF EXISTS `timeline`;
CREATE TABLE `timeline` (
  `timeline_id` int(11) NOT NULL AUTO_INCREMENT,
  `title` varchar(50) DEFAULT NULL,
  `content` text,
  `type` varchar(50) DEFAULT NULL,
  `invert` tinyint(4) DEFAULT NULL COMMENT '是否反转',
  `status` int(11) DEFAULT NULL,
  `published_at` int(11) DEFAULT NULL,
  `created_at` int(11) NOT NULL,
  `updated_at` int(11) NOT NULL,
  PRIMARY KEY (`timeline_id`)
) ENGINE=InnoDB AUTO_INCREMENT=4 DEFAULT CHARSET=utf8;

-- ----------------------------
-- Records of timeline
-- ----------------------------
INSERT INTO `timeline` VALUES ('1', '完成Hasscms基本功能', '<ol><li>内容,文章,相册,页面,模块完成</li><li>结构:评论,附件,Tag,菜单,分类模块完成</li><li>外观:主题,区块完成</li></ol>', 'fa-star', '0', '1', '1444576931', '1444576474', '1444576934');
INSERT INTO `timeline` VALUES ('2', '上线官网', '<p>官网完成,完成了时间线演示模块</p>', 'fa-check', '1', '1', '1444622400', '1444576639', '1444577882');
INSERT INTO `timeline` VALUES ('3', '是打发士大夫', '<p>发生地方</p>', 'fa-star', '1', '1', '1445030510', '1445030510', '1445030510');

-- ----------------------------
-- Table structure for token
-- ----------------------------
DROP TABLE IF EXISTS `token`;
CREATE TABLE `token` (
  `user_id` int(11) NOT NULL,
  `code` varchar(32) NOT NULL,
  `created_at` int(11) NOT NULL,
  `type` smallint(6) NOT NULL,
  UNIQUE KEY `token_unique` (`user_id`,`code`,`type`),
  CONSTRAINT `fk_user_token` FOREIGN KEY (`user_id`) REFERENCES `user` (`id`) ON DELETE CASCADE
) ENGINE=InnoDB DEFAULT CHARSET=utf8;

-- ----------------------------
-- Records of token
-- ----------------------------
INSERT INTO `token` VALUES ('1', 'ldNDfXiunvsI_Q-vWfQM78N9l0KJiOLp', '1445569745', '1');
INSERT INTO `token` VALUES ('1', 'QiiAPHFL17WwzfaLOXWSacYidBO0VLz8', '1430573532', '0');
INSERT INTO `token` VALUES ('2', 'I_prTjzHCECr71q6DIJfGiORZbP8hUAR', '1445569760', '0');

-- ----------------------------
-- Table structure for url_rule
-- ----------------------------
DROP TABLE IF EXISTS `url_rule`;
CREATE TABLE `url_rule` (
  `id` int(11) NOT NULL AUTO_INCREMENT,
  `name` varchar(50) DEFAULT NULL,
  `pattern` varchar(255) NOT NULL,
  `host` varchar(255) DEFAULT NULL,
  `route` varchar(255) NOT NULL,
  `defaults` varchar(255) DEFAULT NULL,
  `suffix` varchar(255) DEFAULT NULL,
  `verb` varchar(255) DEFAULT NULL,
  `mode` tinyint(4) NOT NULL DEFAULT '0',
  `encodeParams` tinyint(4) NOT NULL DEFAULT '1',
  `status` tinyint(4) DEFAULT '1',
  PRIMARY KEY (`id`)
) ENGINE=InnoDB AUTO_INCREMENT=2 DEFAULT CHARSET=utf8;

-- ----------------------------
-- Records of url_rule
-- ----------------------------
INSERT INTO `url_rule` VALUES ('1', null, 'feature', null, 'page/read', 'id=62', null, null, '0', '1', '1');

-- ----------------------------
-- Table structure for user
-- ----------------------------
DROP TABLE IF EXISTS `user`;
CREATE TABLE `user` (
  `id` int(11) NOT NULL AUTO_INCREMENT,
  `username` varchar(25) NOT NULL,
  `email` varchar(255) NOT NULL,
  `password_hash` varchar(60) NOT NULL,
  `auth_key` varchar(32) NOT NULL,
  `confirmed_at` int(11) DEFAULT NULL,
  `unconfirmed_email` varchar(255) DEFAULT NULL,
  `blocked_at` int(11) DEFAULT NULL,
  `registration_ip` varchar(45) DEFAULT NULL,
  `created_at` int(11) NOT NULL,
  `updated_at` int(11) NOT NULL,
  `flags` int(11) NOT NULL DEFAULT '0',
  PRIMARY KEY (`id`),
  UNIQUE KEY `user_unique_username` (`username`),
  UNIQUE KEY `user_unique_email` (`email`)
) ENGINE=InnoDB AUTO_INCREMENT=3 DEFAULT CHARSET=utf8;

-- ----------------------------
-- Records of user
-- ----------------------------
INSERT INTO `user` VALUES ('1', 'zhepama', 'zhepama@gmail.com', '$2y$10$MUd40GtEHhmGp0jz5Za09uVcLhd2kbiEk9ZskZ.qt1ZOzmEEm5pcK', '5b8_WTqE6KxpzYweLXSFlL_Hpx8Vl_ri', '1430573532', null, null, '127.0.0.1', '1430573532', '1430573532', '0');
INSERT INTO `user` VALUES ('2', 'admin', '250994229@qq.com', '$2y$10$iLlC0YAlOhhIYZLkZpLrcutyvaxELnHpERNi012Vxh6XnV61YD/b2', 'QobZh54qXntEUzwb9e5bZaB72wQzIJ9N', '1445571636', '', null, '127.0.0.1', '1430574916', '1445568598', '0');
